cancer,infiltrates,rho,p,adj.p
ACC,A00_T_cell_CD8_central_memory_XCELL,0.209621803,0.063722072,0.063722072
BLCA,A00_T_cell_CD8_central_memory_XCELL,0.232865302,1.99E-06,1.99E-06
BRCA,A00_T_cell_CD8_central_memory_XCELL,-0.004488833,0.882372674,0.882372674
CESC,A00_T_cell_CD8_central_memory_XCELL,-0.017533986,0.76076264,0.76076264
CHOL,A00_T_cell_CD8_central_memory_XCELL,0.121062952,0.481846322,0.481846322
COAD,A00_T_cell_CD8_central_memory_XCELL,0.081825422,0.081579892,0.081579892
ESCA,A00_T_cell_CD8_central_memory_XCELL,0.110613118,0.162450435,0.162450435
GBM,A00_T_cell_CD8_central_memory_XCELL,0.3141371,5.83E-05,5.83E-05
HNSC,A00_T_cell_CD8_central_memory_XCELL,-0.076903145,0.085824466,0.085824466
KICH,A00_T_cell_CD8_central_memory_XCELL,0.26174666,0.035187488,0.035187488
KIRC,A00_T_cell_CD8_central_memory_XCELL,-0.017407208,0.689283107,0.689283107
KIRP,A00_T_cell_CD8_central_memory_XCELL,0.244068581,2.82E-05,2.82E-05
LGG,A00_T_cell_CD8_central_memory_XCELL,0.221820964,4.19E-07,4.19E-07
LIHC,A00_T_cell_CD8_central_memory_XCELL,0.124854894,0.016120218,0.016120218
LUAD,A00_T_cell_CD8_central_memory_XCELL,0.15234318,0.000542352,0.000542352
LUSC,A00_T_cell_CD8_central_memory_XCELL,0.181790747,4.26E-05,4.26E-05
MESO,A00_T_cell_CD8_central_memory_XCELL,-0.015751451,0.885544405,0.885544405
OV,A00_T_cell_CD8_central_memory_XCELL,0.102565105,0.096319197,0.096319197
PAAD,A00_T_cell_CD8_central_memory_XCELL,0.160204869,0.033166376,0.033166376
PCPG,A00_T_cell_CD8_central_memory_XCELL,0.03797119,0.613809694,0.613809694
PRAD,A00_T_cell_CD8_central_memory_XCELL,0.047858059,0.287921807,0.287921807
READ,A00_T_cell_CD8_central_memory_XCELL,0.102056571,0.192103104,0.192103104
SARC,A00_T_cell_CD8_central_memory_XCELL,0.06889682,0.269272529,0.269272529
SKCM,A00_T_cell_CD8_central_memory_XCELL,0.091148015,0.04876236,0.04876236
STAD,A00_T_cell_CD8_central_memory_XCELL,0.137306826,0.007834864,0.007834864
TGCT,A00_T_cell_CD8_central_memory_XCELL,-0.34076412,5.60E-05,5.60E-05
THCA,A00_T_cell_CD8_central_memory_XCELL,0.120084087,0.007301604,0.007301604
THYM,A00_T_cell_CD8_central_memory_XCELL,-0.0923454,0.317856432,0.317856432
UCEC,A00_T_cell_CD8_central_memory_XCELL,0.074130152,0.084383062,0.084383062
UCS,A00_T_cell_CD8_central_memory_XCELL,-0.17885434,0.187202715,0.187202715
UVM,A00_T_cell_CD8_central_memory_XCELL,0.315800016,0.004323265,0.004323265
ACC,A00_T_cell_CD8_CIBERSORT,0.055610255,0.626418947,0.626418947
BLCA,A00_T_cell_CD8_CIBERSORT,-0.11976847,0.015499143,0.015499143
BRCA,A00_T_cell_CD8_CIBERSORT,-0.043114426,0.155083384,0.155083384
CESC,A00_T_cell_CD8_CIBERSORT,-0.241160482,2.13E-05,2.13E-05
CHOL,A00_T_cell_CD8_CIBERSORT,0.068745032,0.6903462,0.6903462
COAD,A00_T_cell_CD8_CIBERSORT,-0.227639786,9.51E-07,9.51E-07
ESCA,A00_T_cell_CD8_CIBERSORT,-0.112649841,0.154805249,0.154805249
GBM,A00_T_cell_CD8_CIBERSORT,0.125640128,0.115725396,0.115725396
HNSC,A00_T_cell_CD8_CIBERSORT,-0.274073397,4.58E-10,4.58E-10
KICH,A00_T_cell_CD8_CIBERSORT,0.296820478,0.0163507,0.0163507
KIRC,A00_T_cell_CD8_CIBERSORT,-0.108532517,0.012415973,0.012415973
KIRP,A00_T_cell_CD8_CIBERSORT,0.144140644,0.014352886,0.014352886
LGG,A00_T_cell_CD8_CIBERSORT,0.153018519,0.000525114,0.000525114
LIHC,A00_T_cell_CD8_CIBERSORT,-0.095908713,0.064985995,0.064985995
LUAD,A00_T_cell_CD8_CIBERSORT,-0.128982259,0.003459833,0.003459833
LUSC,A00_T_cell_CD8_CIBERSORT,-0.249315457,1.55E-08,1.55E-08
MESO,A00_T_cell_CD8_CIBERSORT,0.000159381,0.998837951,0.998837951
OV,A00_T_cell_CD8_CIBERSORT,0.162126147,0.008309668,0.008309668
PAAD,A00_T_cell_CD8_CIBERSORT,-0.090249472,0.232234173,0.232234173
PCPG,A00_T_cell_CD8_CIBERSORT,-0.160591172,0.03175598,0.03175598
PRAD,A00_T_cell_CD8_CIBERSORT,-0.118545064,0.008287952,0.008287952
READ,A00_T_cell_CD8_CIBERSORT,-0.265419896,0.000570067,0.000570067
SARC,A00_T_cell_CD8_CIBERSORT,-0.115073365,0.064440488,0.064440488
SKCM,A00_T_cell_CD8_CIBERSORT,-0.097154439,0.035630085,0.035630085
STAD,A00_T_cell_CD8_CIBERSORT,0.043967482,0.396519032,0.396519032
TGCT,A00_T_cell_CD8_CIBERSORT,-0.219697903,0.010753676,0.010753676
THCA,A00_T_cell_CD8_CIBERSORT,-0.230962909,1.87E-07,1.87E-07
THYM,A00_T_cell_CD8_CIBERSORT,-0.069322317,0.453774671,0.453774671
UCEC,A00_T_cell_CD8_CIBERSORT,0.027486142,0.522733973,0.522733973
UCS,A00_T_cell_CD8_CIBERSORT,-0.111045113,0.415205432,0.415205432
UVM,A00_T_cell_CD8_CIBERSORT,0.308484104,0.005369571,0.005369571
ACC,A00_T_cell_CD8_effector_memory_XCELL,0.225156824,0.046038943,0.046038943
BLCA,A00_T_cell_CD8_effector_memory_XCELL,0.181881939,0.000221262,0.000221262
BRCA,A00_T_cell_CD8_effector_memory_XCELL,-0.121072048,6.19E-05,6.19E-05
CESC,A00_T_cell_CD8_effector_memory_XCELL,-0.037568279,0.514041741,0.514041741
CHOL,A00_T_cell_CD8_effector_memory_XCELL,-0.038244065,0.824744353,0.824744353
COAD,A00_T_cell_CD8_effector_memory_XCELL,-0.015354108,0.744218905,0.744218905
ESCA,A00_T_cell_CD8_effector_memory_XCELL,0.145811823,0.064949561,0.064949561
GBM,A00_T_cell_CD8_effector_memory_XCELL,0.301831936,0.000116144,0.000116144
HNSC,A00_T_cell_CD8_effector_memory_XCELL,-0.089613862,0.045194175,0.045194175
KICH,A00_T_cell_CD8_effector_memory_XCELL,0.084722453,0.502214949,0.502214949
KIRC,A00_T_cell_CD8_effector_memory_XCELL,-0.017454593,0.688481455,0.688481455
KIRP,A00_T_cell_CD8_effector_memory_XCELL,0.081349872,0.168564166,0.168564166
LGG,A00_T_cell_CD8_effector_memory_XCELL,-0.064052553,0.148613981,0.148613981
LIHC,A00_T_cell_CD8_effector_memory_XCELL,-0.027218231,0.601261094,0.601261094
LUAD,A00_T_cell_CD8_effector_memory_XCELL,0.051822382,0.241788858,0.241788858
LUSC,A00_T_cell_CD8_effector_memory_XCELL,0.051646283,0.248548183,0.248548183
MESO,A00_T_cell_CD8_effector_memory_XCELL,0.034349226,0.753541503,0.753541503
OV,A00_T_cell_CD8_effector_memory_XCELL,0.092035414,0.135838209,0.135838209
PAAD,A00_T_cell_CD8_effector_memory_XCELL,0.002699862,0.971549561,0.971549561
PCPG,A00_T_cell_CD8_effector_memory_XCELL,0.16782869,0.0247286,0.0247286
PRAD,A00_T_cell_CD8_effector_memory_XCELL,-0.059097319,0.189299002,0.189299002
READ,A00_T_cell_CD8_effector_memory_XCELL,0.057770262,0.461093864,0.461093864
SARC,A00_T_cell_CD8_effector_memory_XCELL,0.049736571,0.42541846,0.42541846
SKCM,A00_T_cell_CD8_effector_memory_XCELL,0.095482391,0.038942345,0.038942345
STAD,A00_T_cell_CD8_effector_memory_XCELL,0.063379541,0.221394361,0.221394361
TGCT,A00_T_cell_CD8_effector_memory_XCELL,-0.267543032,0.001776874,0.001776874
THCA,A00_T_cell_CD8_effector_memory_XCELL,0.030262482,0.500443447,0.500443447
THYM,A00_T_cell_CD8_effector_memory_XCELL,0.039000877,0.673668278,0.673668278
UCEC,A00_T_cell_CD8_effector_memory_XCELL,-0.002680656,0.950306587,0.950306587
UCS,A00_T_cell_CD8_effector_memory_XCELL,-0.345284485,0.009152946,0.009152946
UVM,A00_T_cell_CD8_effector_memory_XCELL,0.224725555,0.045061013,0.045061013
ACC,A00_T_cell_CD8_EPIC,-0.258093742,0.021648509,0.021648509
BLCA,A00_T_cell_CD8_EPIC,0.010211127,0.83708211,0.83708211
BRCA,A00_T_cell_CD8_EPIC,-0.2926509,6.02E-23,6.02E-23
CESC,A00_T_cell_CD8_EPIC,-0.127877465,0.025774284,0.025774284
CHOL,A00_T_cell_CD8_EPIC,0.111053633,0.51905331,0.51905331
COAD,A00_T_cell_CD8_EPIC,-0.256865188,2.83E-08,2.83E-08
ESCA,A00_T_cell_CD8_EPIC,-0.333813056,1.51E-05,1.51E-05
GBM,A00_T_cell_CD8_EPIC,-0.08381718,0.295079455,0.295079455
HNSC,A00_T_cell_CD8_EPIC,-0.503112171,1.94E-33,1.94E-33
KICH,A00_T_cell_CD8_EPIC,-0.206906206,0.098185975,0.098185975
KIRC,A00_T_cell_CD8_EPIC,-0.17093355,7.65E-05,7.65E-05
KIRP,A00_T_cell_CD8_EPIC,-0.055186135,0.350728008,0.350728008
LGG,A00_T_cell_CD8_EPIC,-0.027832937,0.530570487,0.530570487
LIHC,A00_T_cell_CD8_EPIC,0.044258165,0.395318208,0.395318208
LUAD,A00_T_cell_CD8_EPIC,-0.173882932,7.65E-05,7.65E-05
LUSC,A00_T_cell_CD8_EPIC,-0.168451256,0.000151783,0.000151783
MESO,A00_T_cell_CD8_EPIC,-0.275452198,0.01026055,0.01026055
OV,A00_T_cell_CD8_EPIC,-0.351139356,4.46E-09,4.46E-09
PAAD,A00_T_cell_CD8_EPIC,-0.278494865,0.000174443,0.000174443
PCPG,A00_T_cell_CD8_EPIC,-0.364148694,5.42E-07,5.42E-07
PRAD,A00_T_cell_CD8_EPIC,0.228351336,2.81E-07,2.81E-07
READ,A00_T_cell_CD8_EPIC,-0.33273308,1.26E-05,1.26E-05
SARC,A00_T_cell_CD8_EPIC,-0.227038163,0.000229252,0.000229252
SKCM,A00_T_cell_CD8_EPIC,-0.023355514,0.614279232,0.614279232
STAD,A00_T_cell_CD8_EPIC,-0.140231443,0.006601539,0.006601539
TGCT,A00_T_cell_CD8_EPIC,-0.420394136,4.26E-07,4.26E-07
THCA,A00_T_cell_CD8_EPIC,-0.269032695,1.05E-09,1.05E-09
THYM,A00_T_cell_CD8_EPIC,-0.486925135,1.96E-08,1.96E-08
UCEC,A00_T_cell_CD8_EPIC,0.028873631,0.501957307,0.501957307
UCS,A00_T_cell_CD8_EPIC,-0.226855874,0.092696118,0.092696118
UVM,A00_T_cell_CD8_EPIC,0.198473156,0.077587047,0.077587047
ACC,A00_T_cell_CD8_MCPCOUNTER,0.333756135,0.002647933,0.002647933
BLCA,A00_T_cell_CD8_MCPCOUNTER,0.018669314,0.706933648,0.706933648
BRCA,A00_T_cell_CD8_MCPCOUNTER,-0.037226777,0.219635376,0.219635376
CESC,A00_T_cell_CD8_MCPCOUNTER,-0.055985917,0.330608121,0.330608121
CHOL,A00_T_cell_CD8_MCPCOUNTER,0.106281048,0.537279208,0.537279208
COAD,A00_T_cell_CD8_MCPCOUNTER,0.089882899,0.05565145,0.05565145
ESCA,A00_T_cell_CD8_MCPCOUNTER,0.10830699,0.171443565,0.171443565
GBM,A00_T_cell_CD8_MCPCOUNTER,0.286712222,0.000259919,0.000259919
HNSC,A00_T_cell_CD8_MCPCOUNTER,-0.088323511,0.04839429,0.04839429
KICH,A00_T_cell_CD8_MCPCOUNTER,0.369819017,0.002429364,0.002429364
KIRC,A00_T_cell_CD8_MCPCOUNTER,-0.052772752,0.225169282,0.225169282
KIRP,A00_T_cell_CD8_MCPCOUNTER,0.048571389,0.411541573,0.411541573
LGG,A00_T_cell_CD8_MCPCOUNTER,0.380674885,4.94E-19,4.94E-19
LIHC,A00_T_cell_CD8_MCPCOUNTER,0.092799925,0.074216687,0.074216687
LUAD,A00_T_cell_CD8_MCPCOUNTER,0.069064219,0.118573454,0.118573454
LUSC,A00_T_cell_CD8_MCPCOUNTER,0.007320525,0.870165374,0.870165374
MESO,A00_T_cell_CD8_MCPCOUNTER,0.039555864,0.717651122,0.717651122
OV,A00_T_cell_CD8_MCPCOUNTER,-0.025263718,0.682830129,0.682830129
PAAD,A00_T_cell_CD8_MCPCOUNTER,0.180860012,0.01599461,0.01599461
PCPG,A00_T_cell_CD8_MCPCOUNTER,0.126259177,0.092153692,0.092153692
PRAD,A00_T_cell_CD8_MCPCOUNTER,0.130779217,0.003558871,0.003558871
READ,A00_T_cell_CD8_MCPCOUNTER,0.023548147,0.76400667,0.76400667
SARC,A00_T_cell_CD8_MCPCOUNTER,0.069647148,0.264079929,0.264079929
SKCM,A00_T_cell_CD8_MCPCOUNTER,0.071454305,0.122677314,0.122677314
STAD,A00_T_cell_CD8_MCPCOUNTER,-0.004604164,0.929286384,0.929286384
TGCT,A00_T_cell_CD8_MCPCOUNTER,-0.129940557,0.134541474,0.134541474
THCA,A00_T_cell_CD8_MCPCOUNTER,-0.032225781,0.473049024,0.473049024
THYM,A00_T_cell_CD8_MCPCOUNTER,-0.50319457,5.46E-09,5.46E-09
UCEC,A00_T_cell_CD8_MCPCOUNTER,0.050496852,0.240101257,0.240101257
UCS,A00_T_cell_CD8_MCPCOUNTER,-0.016422725,0.904378099,0.904378099
UVM,A00_T_cell_CD8_MCPCOUNTER,0.281354054,0.011465058,0.011465058
ACC,A00_T_cell_CD8_naive_XCELL,-0.087368318,0.443893648,0.443893648
BLCA,A00_T_cell_CD8_naive_XCELL,-0.208002527,2.29E-05,2.29E-05
BRCA,A00_T_cell_CD8_naive_XCELL,-0.059229394,0.050696377,0.050696377
CESC,A00_T_cell_CD8_naive_XCELL,-0.114373507,0.046316453,0.046316453
CHOL,A00_T_cell_CD8_naive_XCELL,-0.097691588,0.570835149,0.570835149
COAD,A00_T_cell_CD8_naive_XCELL,-0.032199515,0.493741533,0.493741533
ESCA,A00_T_cell_CD8_naive_XCELL,0.010539231,0.894438911,0.894438911
GBM,A00_T_cell_CD8_naive_XCELL,-0.162637409,0.041181096,0.041181096
HNSC,A00_T_cell_CD8_naive_XCELL,-0.061196435,0.171860598,0.171860598
KICH,A00_T_cell_CD8_naive_XCELL,0.029598807,0.8149429,0.8149429
KIRC,A00_T_cell_CD8_naive_XCELL,-0.146128132,0.000740013,0.000740013
KIRP,A00_T_cell_CD8_naive_XCELL,-0.023233852,0.69459294,0.69459294
LGG,A00_T_cell_CD8_naive_XCELL,-0.009824316,0.824839209,0.824839209
LIHC,A00_T_cell_CD8_naive_XCELL,-0.291256725,1.09E-08,1.09E-08
LUAD,A00_T_cell_CD8_naive_XCELL,-0.093232637,0.034939998,0.034939998
LUSC,A00_T_cell_CD8_naive_XCELL,-0.202039052,5.16E-06,5.16E-06
MESO,A00_T_cell_CD8_naive_XCELL,0.044818809,0.68198452,0.68198452
OV,A00_T_cell_CD8_naive_XCELL,-0.153470745,0.012539758,0.012539758
PAAD,A00_T_cell_CD8_naive_XCELL,0.096175715,0.202867983,0.202867983
PCPG,A00_T_cell_CD8_naive_XCELL,-0.169532535,0.023283626,0.023283626
PRAD,A00_T_cell_CD8_naive_XCELL,-0.115959558,0.009819238,0.009819238
READ,A00_T_cell_CD8_naive_XCELL,-0.052202485,0.505468913,0.505468913
SARC,A00_T_cell_CD8_naive_XCELL,0.053237608,0.39352665,0.39352665
SKCM,A00_T_cell_CD8_naive_XCELL,-0.084055842,0.069253979,0.069253979
STAD,A00_T_cell_CD8_naive_XCELL,-0.155642262,0.00254183,0.00254183
TGCT,A00_T_cell_CD8_naive_XCELL,-0.243894365,0.004513521,0.004513521
THCA,A00_T_cell_CD8_naive_XCELL,-0.258867023,4.56E-09,4.56E-09
THYM,A00_T_cell_CD8_naive_XCELL,-0.459909032,1.43E-07,1.43E-07
UCEC,A00_T_cell_CD8_naive_XCELL,0.040522471,0.345946772,0.345946772
UCS,A00_T_cell_CD8_naive_XCELL,0.005703427,0.966723327,0.966723327
UVM,A00_T_cell_CD8_naive_XCELL,0.044715213,0.693693576,0.693693576
ACC,A00_T_cell_CD8_QUANTISEQ,0.207283994,0.066805939,0.066805939
BLCA,A00_T_cell_CD8_QUANTISEQ,0.113224923,0.022173962,0.022173962
BRCA,A00_T_cell_CD8_QUANTISEQ,-0.011309478,0.709300219,0.709300219
CESC,A00_T_cell_CD8_QUANTISEQ,-0.038173629,0.507279484,0.507279484
CHOL,A00_T_cell_CD8_QUANTISEQ,0.309990997,0.065779442,0.065779442
COAD,A00_T_cell_CD8_QUANTISEQ,0.134877516,0.00398791,0.00398791
ESCA,A00_T_cell_CD8_QUANTISEQ,0.138947463,0.07877382,0.07877382
GBM,A00_T_cell_CD8_QUANTISEQ,0.293069743,0.000186249,0.000186249
HNSC,A00_T_cell_CD8_QUANTISEQ,-0.061215771,0.17172493,0.17172493
KICH,A00_T_cell_CD8_QUANTISEQ,0.439076528,0.000253251,0.000253251
KIRC,A00_T_cell_CD8_QUANTISEQ,-0.014720728,0.735276697,0.735276697
KIRP,A00_T_cell_CD8_QUANTISEQ,0.072305022,0.221207998,0.221207998
LGG,A00_T_cell_CD8_QUANTISEQ,0.333155972,1.10E-14,1.10E-14
LIHC,A00_T_cell_CD8_QUANTISEQ,0.145025213,0.005129808,0.005129808
LUAD,A00_T_cell_CD8_QUANTISEQ,0.116333411,0.008417637,0.008417637
LUSC,A00_T_cell_CD8_QUANTISEQ,0.065636447,0.142361067,0.142361067
MESO,A00_T_cell_CD8_QUANTISEQ,0.050848929,0.641964195,0.641964195
OV,A00_T_cell_CD8_QUANTISEQ,0.071792479,0.245050654,0.245050654
PAAD,A00_T_cell_CD8_QUANTISEQ,0.216219668,0.003846216,0.003846216
PCPG,A00_T_cell_CD8_QUANTISEQ,0.076825324,0.30670357,0.30670357
PRAD,A00_T_cell_CD8_QUANTISEQ,0.180709962,5.26E-05,5.26E-05
READ,A00_T_cell_CD8_QUANTISEQ,0.104284747,0.182526646,0.182526646
SARC,A00_T_cell_CD8_QUANTISEQ,0.057561419,0.356190783,0.356190783
SKCM,A00_T_cell_CD8_QUANTISEQ,0.078065969,0.091625669,0.091625669
STAD,A00_T_cell_CD8_QUANTISEQ,0.090722615,0.079733602,0.079733602
TGCT,A00_T_cell_CD8_QUANTISEQ,0.035374723,0.684902279,0.684902279
THCA,A00_T_cell_CD8_QUANTISEQ,0.060394527,0.178431311,0.178431311
THYM,A00_T_cell_CD8_QUANTISEQ,-0.471428859,6.25E-08,6.25E-08
UCEC,A00_T_cell_CD8_QUANTISEQ,0.066944085,0.119207516,0.119207516
UCS,A00_T_cell_CD8_QUANTISEQ,-0.044268533,0.745966404,0.745966404
UVM,A00_T_cell_CD8_QUANTISEQ,0.312216132,0.004810722,0.004810722
ACC,A00_T_cell_CD8_TIMER,0.392145192,0.000351302,0.000351302
BLCA,A00_T_cell_CD8_TIMER,0.345195247,7.34E-13,7.34E-13
BRCA,A00_T_cell_CD8_TIMER,0.18778971,4.22E-10,4.22E-10
CESC,A00_T_cell_CD8_TIMER,0.031018122,0.590079307,0.590079307
CHOL,A00_T_cell_CD8_TIMER,0.253405925,0.135898688,0.135898688
COAD,A00_T_cell_CD8_TIMER,0.282023575,9.52E-10,9.52E-10
ESCA,A00_T_cell_CD8_TIMER,0.193545334,0.013894232,0.013894232
GBM,A00_T_cell_CD8_TIMER,0.304573847,9.99E-05,9.99E-05
HNSC,A00_T_cell_CD8_TIMER,0.031977553,0.475578085,0.475578085
KICH,A00_T_cell_CD8_TIMER,0.086887843,0.491312208,0.491312208
KIRC,A00_T_cell_CD8_TIMER,0.120699887,0.005396881,0.005396881
KIRP,A00_T_cell_CD8_TIMER,0.24085667,3.62E-05,3.62E-05
LGG,A00_T_cell_CD8_TIMER,0.27050695,5.30E-10,5.30E-10
LIHC,A00_T_cell_CD8_TIMER,0.272939169,9.23E-08,9.23E-08
LUAD,A00_T_cell_CD8_TIMER,0.222036797,3.87E-07,3.87E-07
LUSC,A00_T_cell_CD8_TIMER,0.280035618,1.77E-10,1.77E-10
MESO,A00_T_cell_CD8_TIMER,0.009542108,0.930514952,0.930514952
OV,A00_T_cell_CD8_TIMER,0.141411944,0.021542971,0.021542971
PAAD,A00_T_cell_CD8_TIMER,0.406240919,2.02E-08,2.02E-08
PCPG,A00_T_cell_CD8_TIMER,0.401316928,2.58E-08,2.58E-08
PRAD,A00_T_cell_CD8_TIMER,0.310183748,1.68E-12,1.68E-12
READ,A00_T_cell_CD8_TIMER,0.215313982,0.005479822,0.005479822
SARC,A00_T_cell_CD8_TIMER,0.256272827,2.99E-05,2.99E-05
SKCM,A00_T_cell_CD8_TIMER,0.127078944,0.005905996,0.005905996
STAD,A00_T_cell_CD8_TIMER,0.268202017,1.39E-07,1.39E-07
TGCT,A00_T_cell_CD8_TIMER,-0.387830114,3.66E-06,3.66E-06
THCA,A00_T_cell_CD8_TIMER,-0.106680941,0.017242302,0.017242302
THYM,A00_T_cell_CD8_TIMER,-0.469636568,7.12E-08,7.12E-08
UCEC,A00_T_cell_CD8_TIMER,0.098960169,0.021090799,0.021090799
UCS,A00_T_cell_CD8_TIMER,0.255200308,0.057665241,0.057665241
UVM,A00_T_cell_CD8_TIMER,0.307096881,0.005591513,0.005591513
ACC,A00_T_cell_CD8_XCELL,0.088399757,0.438511653,0.438511653
BLCA,A00_T_cell_CD8_XCELL,0.111886174,0.023811504,0.023811504
BRCA,A00_T_cell_CD8_XCELL,-0.057115194,0.059541307,0.059541307
CESC,A00_T_cell_CD8_XCELL,-0.031975119,0.578654905,0.578654905
CHOL,A00_T_cell_CD8_XCELL,0.013672711,0.936917571,0.936917571
COAD,A00_T_cell_CD8_XCELL,0.022065195,0.639133834,0.639133834
ESCA,A00_T_cell_CD8_XCELL,0.146247486,0.064143736,0.064143736
GBM,A00_T_cell_CD8_XCELL,0.322086304,3.68E-05,3.68E-05
HNSC,A00_T_cell_CD8_XCELL,-0.032683706,0.465882065,0.465882065
KICH,A00_T_cell_CD8_XCELL,0.282969263,0.022371323,0.022371323
KIRC,A00_T_cell_CD8_XCELL,-0.049608541,0.254253002,0.254253002
KIRP,A00_T_cell_CD8_XCELL,0.134012597,0.022927038,0.022927038
LGG,A00_T_cell_CD8_XCELL,0.03179301,0.473740315,0.473740315
LIHC,A00_T_cell_CD8_XCELL,0.03912486,0.452446421,0.452446421
LUAD,A00_T_cell_CD8_XCELL,0.053386681,0.227852097,0.227852097
LUSC,A00_T_cell_CD8_XCELL,0.068298849,0.126835708,0.126835708
MESO,A00_T_cell_CD8_XCELL,0.003466324,0.974731174,0.974731174
OV,A00_T_cell_CD8_XCELL,0.013932732,0.821732814,0.821732814
PAAD,A00_T_cell_CD8_XCELL,0.107294224,0.155186069,0.155186069
PCPG,A00_T_cell_CD8_XCELL,-0.076942893,0.30596173,0.30596173
PRAD,A00_T_cell_CD8_XCELL,-0.017838038,0.692179226,0.692179226
READ,A00_T_cell_CD8_XCELL,0.042287653,0.589675353,0.589675353
SARC,A00_T_cell_CD8_XCELL,0.044546679,0.47535229,0.47535229
SKCM,A00_T_cell_CD8_XCELL,0.068592874,0.138428656,0.138428656
STAD,A00_T_cell_CD8_XCELL,0.113295483,0.028469581,0.028469581
TGCT,A00_T_cell_CD8_XCELL,-0.333687302,8.15E-05,8.15E-05
THCA,A00_T_cell_CD8_XCELL,0.046133481,0.304198829,0.304198829
THYM,A00_T_cell_CD8_XCELL,-0.388792639,1.24E-05,1.24E-05
UCEC,A00_T_cell_CD8_XCELL,0.042601149,0.321749288,0.321749288
UCS,A00_T_cell_CD8_XCELL,-0.247042999,0.066421378,0.066421378
UVM,A00_T_cell_CD8_XCELL,0.277067525,0.012843409,0.012843409
