cancer,infiltrates,rho,p,adj.p
ACC,A01_T_cell_CD4_(non-regulatory)_QUANTISEQ,-0.258861957,0.021247526,0.021247526
BLCA,A01_T_cell_CD4_(non-regulatory)_QUANTISEQ,-0.087927748,0.076056236,0.076056236
BRCA,A01_T_cell_CD4_(non-regulatory)_QUANTISEQ,0.167229979,2.83E-08,2.83E-08
CESC,A01_T_cell_CD4_(non-regulatory)_QUANTISEQ,-0.00722297,0.900191363,0.900191363
CHOL,A01_T_cell_CD4_(non-regulatory)_QUANTISEQ,0.129569464,0.451351476,0.451351476
COAD,A01_T_cell_CD4_(non-regulatory)_QUANTISEQ,-0.144722553,0.001991932,0.001991932
ESCA,A01_T_cell_CD4_(non-regulatory)_QUANTISEQ,0.110986366,0.161028664,0.161028664
GBM,A01_T_cell_CD4_(non-regulatory)_QUANTISEQ,-0.174470439,0.028344136,0.028344136
HNSC,A01_T_cell_CD4_(non-regulatory)_QUANTISEQ,-0.044343188,0.322394648,0.322394648
KICH,A01_T_cell_CD4_(non-regulatory)_QUANTISEQ,-0.179179313,0.153249586,0.153249586
KIRC,A01_T_cell_CD4_(non-regulatory)_QUANTISEQ,0.036661611,0.399617766,0.399617766
KIRP,A01_T_cell_CD4_(non-regulatory)_QUANTISEQ,-0.209953448,0.000333735,0.000333735
LGG,A01_T_cell_CD4_(non-regulatory)_QUANTISEQ,0.086517403,0.050854377,0.050854377
LIHC,A01_T_cell_CD4_(non-regulatory)_QUANTISEQ,0.150652629,0.003630506,0.003630506
LUAD,A01_T_cell_CD4_(non-regulatory)_QUANTISEQ,-0.03437816,0.437620789,0.437620789
LUSC,A01_T_cell_CD4_(non-regulatory)_QUANTISEQ,-0.034841915,0.436477127,0.436477127
MESO,A01_T_cell_CD4_(non-regulatory)_QUANTISEQ,-0.091101875,0.40415811,0.40415811
OV,A01_T_cell_CD4_(non-regulatory)_QUANTISEQ,0.163815902,0.007650793,0.007650793
PAAD,A01_T_cell_CD4_(non-regulatory)_QUANTISEQ,-0.09935171,0.18828113,0.18828113
PCPG,A01_T_cell_CD4_(non-regulatory)_QUANTISEQ,-0.155535709,0.037615804,0.037615804
PRAD,A01_T_cell_CD4_(non-regulatory)_QUANTISEQ,0.239084698,7.28E-08,7.28E-08
READ,A01_T_cell_CD4_(non-regulatory)_QUANTISEQ,-0.233208476,0.002573848,0.002573848
SARC,A01_T_cell_CD4_(non-regulatory)_QUANTISEQ,-0.095128085,0.126760679,0.126760679
SKCM,A01_T_cell_CD4_(non-regulatory)_QUANTISEQ,-0.048113414,0.298958038,0.298958038
STAD,A01_T_cell_CD4_(non-regulatory)_QUANTISEQ,0.177649046,0.000557351,0.000557351
TGCT,A01_T_cell_CD4_(non-regulatory)_QUANTISEQ,0.525667761,6.95E-11,6.95E-11
THCA,A01_T_cell_CD4_(non-regulatory)_QUANTISEQ,-0.284975083,9.28E-11,9.28E-11
THYM,A01_T_cell_CD4_(non-regulatory)_QUANTISEQ,0.154038617,0.094401204,0.094401204
UCEC,A01_T_cell_CD4_(non-regulatory)_QUANTISEQ,0.008071435,0.851148586,0.851148586
UCS,A01_T_cell_CD4_(non-regulatory)_QUANTISEQ,0.365068532,0.005666283,0.005666283
UVM,A01_T_cell_CD4_(non-regulatory)_QUANTISEQ,-0.171899804,0.127335371,0.127335371
ACC,A01_T_cell_CD4_(non-regulatory)_XCELL,-0.116359232,0.307153678,0.307153678
BLCA,A01_T_cell_CD4_(non-regulatory)_XCELL,-0.017717444,0.721237904,0.721237904
BRCA,A01_T_cell_CD4_(non-regulatory)_XCELL,-0.051015403,0.092438874,0.092438874
CESC,A01_T_cell_CD4_(non-regulatory)_XCELL,0.076218242,0.185050299,0.185050299
CHOL,A01_T_cell_CD4_(non-regulatory)_XCELL,-0.160651377,0.349278726,0.349278726
COAD,A01_T_cell_CD4_(non-regulatory)_XCELL,-0.044566276,0.343415168,0.343415168
ESCA,A01_T_cell_CD4_(non-regulatory)_XCELL,0.081205381,0.305814242,0.305814242
GBM,A01_T_cell_CD4_(non-regulatory)_XCELL,0.068330063,0.39361868,0.39361868
HNSC,A01_T_cell_CD4_(non-regulatory)_XCELL,-0.026562233,0.55347059,0.55347059
KICH,A01_T_cell_CD4_(non-regulatory)_XCELL,0.035386279,0.779596175,0.779596175
KIRC,A01_T_cell_CD4_(non-regulatory)_XCELL,-0.134953476,0.001847056,0.001847056
KIRP,A01_T_cell_CD4_(non-regulatory)_XCELL,0.010959437,0.853084316,0.853084316
LGG,A01_T_cell_CD4_(non-regulatory)_XCELL,-0.007610518,0.863869583,0.863869583
LIHC,A01_T_cell_CD4_(non-regulatory)_XCELL,0.04128017,0.427913535,0.427913535
LUAD,A01_T_cell_CD4_(non-regulatory)_XCELL,-0.020056186,0.650724439,0.650724439
LUSC,A01_T_cell_CD4_(non-regulatory)_XCELL,-0.031072958,0.487721587,0.487721587
MESO,A01_T_cell_CD4_(non-regulatory)_XCELL,-0.024088374,0.825754728,0.825754728
OV,A01_T_cell_CD4_(non-regulatory)_XCELL,-0.057057273,0.355786122,0.355786122
PAAD,A01_T_cell_CD4_(non-regulatory)_XCELL,-0.047768988,0.527790255,0.527790255
PCPG,A01_T_cell_CD4_(non-regulatory)_XCELL,0.039271189,0.601716851,0.601716851
PRAD,A01_T_cell_CD4_(non-regulatory)_XCELL,0.017462164,0.69834467,0.69834467
READ,A01_T_cell_CD4_(non-regulatory)_XCELL,-0.108588254,0.165031636,0.165031636
SARC,A01_T_cell_CD4_(non-regulatory)_XCELL,-0.014540467,0.815849087,0.815849087
SKCM,A01_T_cell_CD4_(non-regulatory)_XCELL,0.062309726,0.17840943,0.17840943
STAD,A01_T_cell_CD4_(non-regulatory)_XCELL,-0.037743209,0.466775859,0.466775859
TGCT,A01_T_cell_CD4_(non-regulatory)_XCELL,-0.01859537,0.831125155,0.831125155
THCA,A01_T_cell_CD4_(non-regulatory)_XCELL,0.047250331,0.292628714,0.292628714
THYM,A01_T_cell_CD4_(non-regulatory)_XCELL,-0.424559571,1.49E-06,1.49E-06
UCEC,A01_T_cell_CD4_(non-regulatory)_XCELL,-0.009287291,0.829048754,0.829048754
UCS,A01_T_cell_CD4_(non-regulatory)_XCELL,0.284053636,0.033868265,0.033868265
UVM,A01_T_cell_CD4_(non-regulatory)_XCELL,0.122301455,0.279810853,0.279810853
ACC,A01_T_cell_CD4_central_memory_XCELL,-0.189068608,0.095160794,0.095160794
BLCA,A01_T_cell_CD4_central_memory_XCELL,-0.328246391,1.05E-11,1.05E-11
BRCA,A01_T_cell_CD4_central_memory_XCELL,-0.194088254,1.05E-10,1.05E-10
CESC,A01_T_cell_CD4_central_memory_XCELL,-0.102267227,0.075008059,0.075008059
CHOL,A01_T_cell_CD4_central_memory_XCELL,-0.112446544,0.513792086,0.513792086
COAD,A01_T_cell_CD4_central_memory_XCELL,-0.221031991,1.98E-06,1.98E-06
ESCA,A01_T_cell_CD4_central_memory_XCELL,-0.036213209,0.64834436,0.64834436
GBM,A01_T_cell_CD4_central_memory_XCELL,-0.115144084,0.149685704,0.149685704
HNSC,A01_T_cell_CD4_central_memory_XCELL,-0.063044175,0.159254652,0.159254652
KICH,A01_T_cell_CD4_central_memory_XCELL,-0.562138523,1.10E-06,1.10E-06
KIRC,A01_T_cell_CD4_central_memory_XCELL,-0.16814211,0.000100448,0.000100448
KIRP,A01_T_cell_CD4_central_memory_XCELL,-0.356923837,4.45E-10,4.45E-10
LGG,A01_T_cell_CD4_central_memory_XCELL,-0.156453616,0.000390514,0.000390514
LIHC,A01_T_cell_CD4_central_memory_XCELL,-0.239975781,2.94E-06,2.94E-06
LUAD,A01_T_cell_CD4_central_memory_XCELL,-0.251358938,8.09E-09,8.09E-09
LUSC,A01_T_cell_CD4_central_memory_XCELL,-0.138495716,0.001888705,0.001888705
MESO,A01_T_cell_CD4_central_memory_XCELL,-0.125153385,0.250901578,0.250901578
OV,A01_T_cell_CD4_central_memory_XCELL,-0.291768811,1.41E-06,1.41E-06
PAAD,A01_T_cell_CD4_central_memory_XCELL,-0.293343496,7.42E-05,7.42E-05
PCPG,A01_T_cell_CD4_central_memory_XCELL,-0.22492213,0.002469495,0.002469495
PRAD,A01_T_cell_CD4_central_memory_XCELL,-0.460593983,2.30E-27,2.30E-27
READ,A01_T_cell_CD4_central_memory_XCELL,-0.167997843,0.031011924,0.031011924
SARC,A01_T_cell_CD4_central_memory_XCELL,-0.380868943,2.29E-10,2.29E-10
SKCM,A01_T_cell_CD4_central_memory_XCELL,-0.0529372,0.253061129,0.253061129
STAD,A01_T_cell_CD4_central_memory_XCELL,-0.158231361,0.002146594,0.002146594
TGCT,A01_T_cell_CD4_central_memory_XCELL,0.044177045,0.612265104,0.612265104
THCA,A01_T_cell_CD4_central_memory_XCELL,-0.319553515,2.76E-13,2.76E-13
THYM,A01_T_cell_CD4_central_memory_XCELL,-0.046711169,0.613941222,0.613941222
UCEC,A01_T_cell_CD4_central_memory_XCELL,-0.023921837,0.578053441,0.578053441
UCS,A01_T_cell_CD4_central_memory_XCELL,-0.304931379,0.022303952,0.022303952
UVM,A01_T_cell_CD4_central_memory_XCELL,-0.140399344,0.214174137,0.214174137
ACC,A01_T_cell_CD4_effector_memory_XCELL,-0.001733084,0.987905754,0.987905754
BLCA,A01_T_cell_CD4_effector_memory_XCELL,0.079767366,0.107650678,0.107650678
BRCA,A01_T_cell_CD4_effector_memory_XCELL,0.139951206,3.55E-06,3.55E-06
CESC,A01_T_cell_CD4_effector_memory_XCELL,0.064981339,0.258680641,0.258680641
CHOL,A01_T_cell_CD4_effector_memory_XCELL,0.08789015,0.610248782,0.610248782
COAD,A01_T_cell_CD4_effector_memory_XCELL,-0.196584998,2.46E-05,2.46E-05
ESCA,A01_T_cell_CD4_effector_memory_XCELL,0.036034529,0.649964355,0.649964355
GBM,A01_T_cell_CD4_effector_memory_XCELL,0.152124219,0.056377119,0.056377119
HNSC,A01_T_cell_CD4_effector_memory_XCELL,0.095138899,0.033430698,0.033430698
KICH,A01_T_cell_CD4_effector_memory_XCELL,0.22378002,0.073138405,0.073138405
KIRC,A01_T_cell_CD4_effector_memory_XCELL,0.024305802,0.576623903,0.576623903
KIRP,A01_T_cell_CD4_effector_memory_XCELL,-0.070967191,0.229894824,0.229894824
LGG,A01_T_cell_CD4_effector_memory_XCELL,0.196180244,8.08E-06,8.08E-06
LIHC,A01_T_cell_CD4_effector_memory_XCELL,0.2937153,8.12E-09,8.12E-09
LUAD,A01_T_cell_CD4_effector_memory_XCELL,-0.010131146,0.819112023,0.819112023
LUSC,A01_T_cell_CD4_effector_memory_XCELL,0.276882828,2.87E-10,2.87E-10
MESO,A01_T_cell_CD4_effector_memory_XCELL,-0.247442911,0.02162123,0.02162123
OV,A01_T_cell_CD4_effector_memory_XCELL,0.138295794,0.024628092,0.024628092
PAAD,A01_T_cell_CD4_effector_memory_XCELL,-0.11034007,0.14372852,0.14372852
PCPG,A01_T_cell_CD4_effector_memory_XCELL,0.068156384,0.364651904,0.364651904
PRAD,A01_T_cell_CD4_effector_memory_XCELL,0.027039639,0.548384426,0.548384426
READ,A01_T_cell_CD4_effector_memory_XCELL,-0.260538144,0.000725401,0.000725401
SARC,A01_T_cell_CD4_effector_memory_XCELL,0.023056453,0.711894594,0.711894594
SKCM,A01_T_cell_CD4_effector_memory_XCELL,0.090371387,0.05072449,0.05072449
STAD,A01_T_cell_CD4_effector_memory_XCELL,0.020106299,0.698330647,0.698330647
TGCT,A01_T_cell_CD4_effector_memory_XCELL,-0.039447869,0.650879864,0.650879864
THCA,A01_T_cell_CD4_effector_memory_XCELL,0.105302865,0.018745041,0.018745041
THYM,A01_T_cell_CD4_effector_memory_XCELL,-0.496441379,9.36E-09,9.36E-09
UCEC,A01_T_cell_CD4_effector_memory_XCELL,0.033809957,0.431714573,0.431714573
UCS,A01_T_cell_CD4_effector_memory_XCELL,-0.09285566,0.496081186,0.496081186
UVM,A01_T_cell_CD4_effector_memory_XCELL,0.1328203,0.240196452,0.240196452
ACC,A01_T_cell_CD4_EPIC,-0.295726955,0.008143833,0.008143833
BLCA,A01_T_cell_CD4_EPIC,-0.431839482,5.78E-20,5.78E-20
BRCA,A01_T_cell_CD4_EPIC,-0.119242162,7.99E-05,7.99E-05
CESC,A01_T_cell_CD4_EPIC,0.071173573,0.215934466,0.215934466
CHOL,A01_T_cell_CD4_EPIC,0.079190802,0.646163576,0.646163576
COAD,A01_T_cell_CD4_EPIC,-0.026839542,0.568403899,0.568403899
ESCA,A01_T_cell_CD4_EPIC,0.168886992,0.032221919,0.032221919
GBM,A01_T_cell_CD4_EPIC,-0.137987414,0.083812081,0.083812081
HNSC,A01_T_cell_CD4_EPIC,0.051300047,0.252214594,0.252214594
KICH,A01_T_cell_CD4_EPIC,-0.234221241,0.060391266,0.060391266
KIRC,A01_T_cell_CD4_EPIC,-0.121212258,0.005202239,0.005202239
KIRP,A01_T_cell_CD4_EPIC,0.09556617,0.105562476,0.105562476
LGG,A01_T_cell_CD4_EPIC,-0.042827701,0.334416927,0.334416927
LIHC,A01_T_cell_CD4_EPIC,0.10806836,0.037469032,0.037469032
LUAD,A01_T_cell_CD4_EPIC,0.006574667,0.882022581,0.882022581
LUSC,A01_T_cell_CD4_EPIC,-0.020745133,0.643200294,0.643200294
MESO,A01_T_cell_CD4_EPIC,-0.348582211,0.001004996,0.001004996
OV,A01_T_cell_CD4_EPIC,-0.223429139,0.000252771,0.000252771
PAAD,A01_T_cell_CD4_EPIC,-0.084507441,0.263424262,0.263424262
PCPG,A01_T_cell_CD4_EPIC,-0.22505827,0.002454174,0.002454174
PRAD,A01_T_cell_CD4_EPIC,0.253084329,1.13E-08,1.13E-08
READ,A01_T_cell_CD4_EPIC,-0.080791574,0.302266846,0.302266846
SARC,A01_T_cell_CD4_EPIC,-0.238496941,0.000106295,0.000106295
SKCM,A01_T_cell_CD4_EPIC,0.090028593,0.05161129,0.05161129
STAD,A01_T_cell_CD4_EPIC,0.099566657,0.054371508,0.054371508
TGCT,A01_T_cell_CD4_EPIC,-0.254963471,0.002948447,0.002948447
THCA,A01_T_cell_CD4_EPIC,0.168318258,0.000160848,0.000160848
THYM,A01_T_cell_CD4_EPIC,0.33094898,0.000236663,0.000236663
UCEC,A01_T_cell_CD4_EPIC,-0.041750159,0.331519031,0.331519031
UCS,A01_T_cell_CD4_EPIC,-0.234595655,0.081800111,0.081800111
UVM,A01_T_cell_CD4_EPIC,0.167717909,0.136998819,0.136998819
ACC,A01_T_cell_CD4_memory_activated_CIBERSORT,0.03714975,0.745148231,0.745148231
BLCA,A01_T_cell_CD4_memory_activated_CIBERSORT,0.10244612,0.038601829,0.038601829
BRCA,A01_T_cell_CD4_memory_activated_CIBERSORT,-0.169014765,2.01E-08,2.01E-08
CESC,A01_T_cell_CD4_memory_activated_CIBERSORT,-0.045418418,0.430087395,0.430087395
CHOL,A01_T_cell_CD4_memory_activated_CIBERSORT,-0.0128898,0.940523133,0.940523133
COAD,A01_T_cell_CD4_memory_activated_CIBERSORT,-0.159809653,0.0006315,0.0006315
ESCA,A01_T_cell_CD4_memory_activated_CIBERSORT,-0.03344821,0.673593589,0.673593589
GBM,A01_T_cell_CD4_memory_activated_CIBERSORT,0.150917324,0.058385225,0.058385225
HNSC,A01_T_cell_CD4_memory_activated_CIBERSORT,-0.182093028,4.21E-05,4.21E-05
KICH,A01_T_cell_CD4_memory_activated_CIBERSORT,0.356370842,0.003571459,0.003571459
KIRC,A01_T_cell_CD4_memory_activated_CIBERSORT,0.119301532,0.005961892,0.005961892
KIRP,A01_T_cell_CD4_memory_activated_CIBERSORT,0.098902543,0.093886761,0.093886761
LGG,A01_T_cell_CD4_memory_activated_CIBERSORT,0.028963846,0.513996332,0.513996332
LIHC,A01_T_cell_CD4_memory_activated_CIBERSORT,-0.100124502,0.053995742,0.053995742
LUAD,A01_T_cell_CD4_memory_activated_CIBERSORT,0.035222965,0.426436969,0.426436969
LUSC,A01_T_cell_CD4_memory_activated_CIBERSORT,-0.022215167,0.619850732,0.619850732
MESO,A01_T_cell_CD4_memory_activated_CIBERSORT,-0.047386142,0.664830131,0.664830131
OV,A01_T_cell_CD4_memory_activated_CIBERSORT,0.10359728,0.09299782,0.09299782
PAAD,A01_T_cell_CD4_memory_activated_CIBERSORT,0.046022129,0.54300917,0.54300917
PCPG,A01_T_cell_CD4_memory_activated_CIBERSORT,0.200803648,0.007033429,0.007033429
PRAD,A01_T_cell_CD4_memory_activated_CIBERSORT,-0.056754887,0.207474504,0.207474504
READ,A01_T_cell_CD4_memory_activated_CIBERSORT,0.021768777,0.781371553,0.781371553
SARC,A01_T_cell_CD4_memory_activated_CIBERSORT,0.059439241,0.340691542,0.340691542
SKCM,A01_T_cell_CD4_memory_activated_CIBERSORT,0.012268042,0.791241685,0.791241685
STAD,A01_T_cell_CD4_memory_activated_CIBERSORT,-0.04097259,0.429497633,0.429497633
TGCT,A01_T_cell_CD4_memory_activated_CIBERSORT,-0.17626295,0.041624499,0.041624499
THCA,A01_T_cell_CD4_memory_activated_CIBERSORT,0.145348644,0.001143036,0.001143036
THYM,A01_T_cell_CD4_memory_activated_CIBERSORT,0.080116025,0.386418289,0.386418289
UCEC,A01_T_cell_CD4_memory_activated_CIBERSORT,-0.021535896,0.616554948,0.616554948
UCS,A01_T_cell_CD4_memory_activated_CIBERSORT,-0.229485867,0.088873403,0.088873403
UVM,A01_T_cell_CD4_memory_activated_CIBERSORT,-0.04240676,0.708779247,0.708779247
ACC,A01_T_cell_CD4_memory_resting_CIBERSORT,0.070401858,0.537540002,0.537540002
BLCA,A01_T_cell_CD4_memory_resting_CIBERSORT,0.053838705,0.277948636,0.277948636
BRCA,A01_T_cell_CD4_memory_resting_CIBERSORT,0.193019338,1.34E-10,1.34E-10
CESC,A01_T_cell_CD4_memory_resting_CIBERSORT,0.040976353,0.476586852,0.476586852
CHOL,A01_T_cell_CD4_memory_resting_CIBERSORT,0.138018001,0.422127787,0.422127787
COAD,A01_T_cell_CD4_memory_resting_CIBERSORT,-0.159306917,0.000657244,0.000657244
ESCA,A01_T_cell_CD4_memory_resting_CIBERSORT,-0.216082598,0.005904848,0.005904848
GBM,A01_T_cell_CD4_memory_resting_CIBERSORT,0.007631804,0.92417984,0.92417984
HNSC,A01_T_cell_CD4_memory_resting_CIBERSORT,0.270941681,7.33E-10,7.33E-10
KICH,A01_T_cell_CD4_memory_resting_CIBERSORT,0.028807258,0.819807678,0.819807678
KIRC,A01_T_cell_CD4_memory_resting_CIBERSORT,0.103849876,0.016773806,0.016773806
KIRP,A01_T_cell_CD4_memory_resting_CIBERSORT,-0.192868563,0.001002604,0.001002604
LGG,A01_T_cell_CD4_memory_resting_CIBERSORT,0.211845774,1.38E-06,1.38E-06
LIHC,A01_T_cell_CD4_memory_resting_CIBERSORT,0.191343738,0.000209385,0.000209385
LUAD,A01_T_cell_CD4_memory_resting_CIBERSORT,0.027290798,0.537811557,0.537811557
LUSC,A01_T_cell_CD4_memory_resting_CIBERSORT,0.401574278,7.75E-21,7.75E-21
MESO,A01_T_cell_CD4_memory_resting_CIBERSORT,-0.012991404,0.905497692,0.905497692
OV,A01_T_cell_CD4_memory_resting_CIBERSORT,0.113979424,0.064430489,0.064430489
PAAD,A01_T_cell_CD4_memory_resting_CIBERSORT,-0.253468023,0.000663965,0.000663965
PCPG,A01_T_cell_CD4_memory_resting_CIBERSORT,0.156355507,0.036607799,0.036607799
PRAD,A01_T_cell_CD4_memory_resting_CIBERSORT,0.255185391,8.47E-09,8.47E-09
READ,A01_T_cell_CD4_memory_resting_CIBERSORT,-0.24655528,0.00141089,0.00141089
SARC,A01_T_cell_CD4_memory_resting_CIBERSORT,-0.127851889,0.039775361,0.039775361
SKCM,A01_T_cell_CD4_memory_resting_CIBERSORT,0.198481698,1.52E-05,1.52E-05
STAD,A01_T_cell_CD4_memory_resting_CIBERSORT,-0.190186443,0.00021599,0.00021599
TGCT,A01_T_cell_CD4_memory_resting_CIBERSORT,0.050892996,0.559228169,0.559228169
THCA,A01_T_cell_CD4_memory_resting_CIBERSORT,0.342818161,3.52E-15,3.52E-15
THYM,A01_T_cell_CD4_memory_resting_CIBERSORT,0.030762704,0.739800204,0.739800204
UCEC,A01_T_cell_CD4_memory_resting_CIBERSORT,0.141321268,0.00095958,0.00095958
UCS,A01_T_cell_CD4_memory_resting_CIBERSORT,0.075985533,0.577797722,0.577797722
UVM,A01_T_cell_CD4_memory_resting_CIBERSORT,-0.12097797,0.285086856,0.285086856
ACC,A01_T_cell_CD4_memory_XCELL,0.036894603,0.74683956,0.74683956
BLCA,A01_T_cell_CD4_memory_XCELL,0.103958545,0.035807399,0.035807399
BRCA,A01_T_cell_CD4_memory_XCELL,-0.079102705,0.009015012,0.009015012
CESC,A01_T_cell_CD4_memory_XCELL,0.059324337,0.302539746,0.302539746
CHOL,A01_T_cell_CD4_memory_XCELL,-0.150171231,0.382008815,0.382008815
COAD,A01_T_cell_CD4_memory_XCELL,-0.016766186,0.721629419,0.721629419
ESCA,A01_T_cell_CD4_memory_XCELL,0.065198148,0.411247366,0.411247366
GBM,A01_T_cell_CD4_memory_XCELL,0.228813247,0.003830836,0.003830836
HNSC,A01_T_cell_CD4_memory_XCELL,-0.040474348,0.366452209,0.366452209
KICH,A01_T_cell_CD4_memory_XCELL,0.289612838,0.019282755,0.019282755
KIRC,A01_T_cell_CD4_memory_XCELL,0.014103214,0.745991108,0.745991108
KIRP,A01_T_cell_CD4_memory_XCELL,0.189439832,0.001236959,0.001236959
LGG,A01_T_cell_CD4_memory_XCELL,0.265170815,1.18E-09,1.18E-09
LIHC,A01_T_cell_CD4_memory_XCELL,0.075465578,0.146853941,0.146853941
LUAD,A01_T_cell_CD4_memory_XCELL,0.085613251,0.052864311,0.052864311
LUSC,A01_T_cell_CD4_memory_XCELL,0.036346341,0.416919415,0.416919415
MESO,A01_T_cell_CD4_memory_XCELL,0.064911029,0.552660372,0.552660372
OV,A01_T_cell_CD4_memory_XCELL,0.005448971,0.929784611,0.929784611
PAAD,A01_T_cell_CD4_memory_XCELL,0.019592247,0.795761832,0.795761832
PCPG,A01_T_cell_CD4_memory_XCELL,-0.017518694,0.815947799,0.815947799
PRAD,A01_T_cell_CD4_memory_XCELL,0.014525001,0.747179327,0.747179327
READ,A01_T_cell_CD4_memory_XCELL,0.012231209,0.876092816,0.876092816
SARC,A01_T_cell_CD4_memory_XCELL,0.032535678,0.602215267,0.602215267
SKCM,A01_T_cell_CD4_memory_XCELL,0.079512701,0.085752114,0.085752114
STAD,A01_T_cell_CD4_memory_XCELL,-0.042957959,0.407461593,0.407461593
TGCT,A01_T_cell_CD4_memory_XCELL,-0.203923343,0.018110154,0.018110154
THCA,A01_T_cell_CD4_memory_XCELL,0.19720264,9.28E-06,9.28E-06
THYM,A01_T_cell_CD4_memory_XCELL,-0.306084619,0.000710804,0.000710804
UCEC,A01_T_cell_CD4_memory_XCELL,-0.018588517,0.665599353,0.665599353
UCS,A01_T_cell_CD4_memory_XCELL,-0.060064087,0.660126764,0.660126764
UVM,A01_T_cell_CD4_memory_XCELL,0.111129532,0.326408822,0.326408822
ACC,A01_T_cell_CD4_naive_CIBERSORT,-0.168529282,0.137626688,0.137626688
BLCA,A01_T_cell_CD4_naive_CIBERSORT,-0.303811476,3.69E-10,3.69E-10
BRCA,A01_T_cell_CD4_naive_CIBERSORT,0.029097319,0.337401643,0.337401643
CESC,A01_T_cell_CD4_naive_CIBERSORT,-0.054113941,0.347058042,0.347058042
CHOL,A01_T_cell_CD4_naive_CIBERSORT,-0.147926858,0.389244344,0.389244344
COAD,A01_T_cell_CD4_naive_CIBERSORT,-0.018244175,0.698242287,0.698242287
ESCA,A01_T_cell_CD4_naive_CIBERSORT,0.118340469,0.134880236,0.134880236
GBM,A01_T_cell_CD4_naive_CIBERSORT,-0.080776342,0.313007983,0.313007983
HNSC,A01_T_cell_CD4_naive_CIBERSORT,-0.095643323,0.032500455,0.032500455
KICH,A01_T_cell_CD4_naive_CIBERSORT,-0.165361137,0.188040019,0.188040019
KIRC,A01_T_cell_CD4_naive_CIBERSORT,-0.050900051,0.242081931,0.242081931
KIRP,A01_T_cell_CD4_naive_CIBERSORT,0.026901897,0.64937031,0.64937031
LGG,A01_T_cell_CD4_naive_CIBERSORT,-0.297396518,7.11E-12,7.11E-12
LIHC,A01_T_cell_CD4_naive_CIBERSORT,-0.067570467,0.194084063,0.194084063
LUAD,A01_T_cell_CD4_naive_CIBERSORT,-0.085055086,0.054434924,0.054434924
LUSC,A01_T_cell_CD4_naive_CIBERSORT,-0.136236908,0.002242828,0.002242828
MESO,A01_T_cell_CD4_naive_CIBERSORT,0.050552651,0.643908017,0.643908017
OV,A01_T_cell_CD4_naive_CIBERSORT,0,1,1
PAAD,A01_T_cell_CD4_naive_CIBERSORT,0.011490968,0.879345285,0.879345285
PCPG,A01_T_cell_CD4_naive_CIBERSORT,-0.100147283,0.182253588,0.182253588
PRAD,A01_T_cell_CD4_naive_CIBERSORT,0,1,1
READ,A01_T_cell_CD4_naive_CIBERSORT,0.017429809,0.824154499,0.824154499
SARC,A01_T_cell_CD4_naive_CIBERSORT,-0.057865884,0.353648199,0.353648199
SKCM,A01_T_cell_CD4_naive_CIBERSORT,-0.052306656,0.258765766,0.258765766
STAD,A01_T_cell_CD4_naive_CIBERSORT,-0.006074974,0.906786979,0.906786979
TGCT,A01_T_cell_CD4_naive_CIBERSORT,0.003722362,0.96595191,0.96595191
THCA,A01_T_cell_CD4_naive_CIBERSORT,-0.138349176,0.001971293,0.001971293
THYM,A01_T_cell_CD4_naive_CIBERSORT,-0.241287644,0.008204574,0.008204574
UCEC,A01_T_cell_CD4_naive_CIBERSORT,0.022387262,0.60268788,0.60268788
UCS,A01_T_cell_CD4_naive_CIBERSORT,0.067279935,0.622238576,0.622238576
UVM,A01_T_cell_CD4_naive_CIBERSORT,-0.234206519,0.036526669,0.036526669
ACC,A01_T_cell_CD4_naive_XCELL,0.118307915,0.299067447,0.299067447
BLCA,A01_T_cell_CD4_naive_XCELL,0.134755935,0.006410122,0.006410122
BRCA,A01_T_cell_CD4_naive_XCELL,-0.014837459,0.624770362,0.624770362
CESC,A01_T_cell_CD4_naive_XCELL,0.022507192,0.695901345,0.695901345
CHOL,A01_T_cell_CD4_naive_XCELL,-0.1353726,0.431162347,0.431162347
COAD,A01_T_cell_CD4_naive_XCELL,0.159880253,0.000627961,0.000627961
ESCA,A01_T_cell_CD4_naive_XCELL,0.193313797,0.01401079,0.01401079
GBM,A01_T_cell_CD4_naive_XCELL,0.25640516,0.001146318,0.001146318
HNSC,A01_T_cell_CD4_naive_XCELL,0.025657839,0.56706119,0.56706119
KICH,A01_T_cell_CD4_naive_XCELL,0.490962132,3.29E-05,3.29E-05
KIRC,A01_T_cell_CD4_naive_XCELL,0.111458409,0.010231297,0.010231297
KIRP,A01_T_cell_CD4_naive_XCELL,0.111311338,0.059205023,0.059205023
LGG,A01_T_cell_CD4_naive_XCELL,0.129456193,0.003403917,0.003403917
LIHC,A01_T_cell_CD4_naive_XCELL,0.194641654,0.000161585,0.000161585
LUAD,A01_T_cell_CD4_naive_XCELL,0.093982698,0.033495289,0.033495289
LUSC,A01_T_cell_CD4_naive_XCELL,0.060288443,0.177885883,0.177885883
MESO,A01_T_cell_CD4_naive_XCELL,0.061025472,0.576730795,0.576730795
OV,A01_T_cell_CD4_naive_XCELL,0.142517504,0.020531853,0.020531853
PAAD,A01_T_cell_CD4_naive_XCELL,0.066158999,0.381622353,0.381622353
PCPG,A01_T_cell_CD4_naive_XCELL,0.097798335,0.192776189,0.192776189
PRAD,A01_T_cell_CD4_naive_XCELL,0.072286681,0.108205144,0.108205144
READ,A01_T_cell_CD4_naive_XCELL,0.126877632,0.104385942,0.104385942
SARC,A01_T_cell_CD4_naive_XCELL,0.053860503,0.388007274,0.388007274
SKCM,A01_T_cell_CD4_naive_XCELL,0.090425808,0.05058488,0.05058488
STAD,A01_T_cell_CD4_naive_XCELL,0.105249124,0.041925291,0.041925291
TGCT,A01_T_cell_CD4_naive_XCELL,-0.320085617,0.000163095,0.000163095
THCA,A01_T_cell_CD4_naive_XCELL,0.107173011,0.016731836,0.016731836
THYM,A01_T_cell_CD4_naive_XCELL,-0.469625541,7.12E-08,7.12E-08
UCEC,A01_T_cell_CD4_naive_XCELL,0.071201472,0.09742995,0.09742995
UCS,A01_T_cell_CD4_naive_XCELL,-0.100397842,0.461592832,0.461592832
UVM,A01_T_cell_CD4_naive_XCELL,0.200418287,0.074665128,0.074665128
ACC,A01_T_cell_CD4_Th1_XCELL,0.043431187,0.703907328,0.703907328
BLCA,A01_T_cell_CD4_Th1_XCELL,-0.036786745,0.458677099,0.458677099
BRCA,A01_T_cell_CD4_Th1_XCELL,-0.405245005,2.69E-44,2.69E-44
CESC,A01_T_cell_CD4_Th1_XCELL,-0.165337326,0.003842623,0.003842623
CHOL,A01_T_cell_CD4_Th1_XCELL,-0.378267244,0.022919893,0.022919893
COAD,A01_T_cell_CD4_Th1_XCELL,-0.284885985,6.33E-10,6.33E-10
ESCA,A01_T_cell_CD4_Th1_XCELL,0.006359294,0.936187565,0.936187565
GBM,A01_T_cell_CD4_Th1_XCELL,-0.324665412,3.16E-05,3.16E-05
HNSC,A01_T_cell_CD4_Th1_XCELL,-0.283827356,1.02E-10,1.02E-10
KICH,A01_T_cell_CD4_Th1_XCELL,-0.008321548,0.947545172,0.947545172
KIRC,A01_T_cell_CD4_Th1_XCELL,-0.049639108,0.253960119,0.253960119
KIRP,A01_T_cell_CD4_Th1_XCELL,-0.267284362,4.22E-06,4.22E-06
LGG,A01_T_cell_CD4_Th1_XCELL,-0.110315775,0.012674723,0.012674723
LIHC,A01_T_cell_CD4_Th1_XCELL,-0.357862596,1.19E-12,1.19E-12
LUAD,A01_T_cell_CD4_Th1_XCELL,-0.202891794,3.69E-06,3.69E-06
LUSC,A01_T_cell_CD4_Th1_XCELL,-0.320365207,2.02E-13,2.02E-13
MESO,A01_T_cell_CD4_Th1_XCELL,-0.275795593,0.010162434,0.010162434
OV,A01_T_cell_CD4_Th1_XCELL,-0.267941731,1.02E-05,1.02E-05
PAAD,A01_T_cell_CD4_Th1_XCELL,-0.494582804,2.62E-12,2.62E-12
PCPG,A01_T_cell_CD4_Th1_XCELL,-0.227980685,0.002145408,0.002145408
PRAD,A01_T_cell_CD4_Th1_XCELL,-0.393761409,8.31E-20,8.31E-20
READ,A01_T_cell_CD4_Th1_XCELL,-0.38328914,3.75E-07,3.75E-07
SARC,A01_T_cell_CD4_Th1_XCELL,-0.237737124,0.000111985,0.000111985
SKCM,A01_T_cell_CD4_Th1_XCELL,-0.17913389,9.76E-05,9.76E-05
STAD,A01_T_cell_CD4_Th1_XCELL,-0.242442106,2.10E-06,2.10E-06
TGCT,A01_T_cell_CD4_Th1_XCELL,-0.154578547,0.074529837,0.074529837
THCA,A01_T_cell_CD4_Th1_XCELL,-0.119786785,0.007448979,0.007448979
THYM,A01_T_cell_CD4_Th1_XCELL,-0.284000366,0.001747523,0.001747523
UCEC,A01_T_cell_CD4_Th1_XCELL,-0.124009945,0.003800721,0.003800721
UCS,A01_T_cell_CD4_Th1_XCELL,-0.601266293,9.57E-07,9.57E-07
UVM,A01_T_cell_CD4_Th1_XCELL,-0.048300214,0.670501734,0.670501734
ACC,A01_T_cell_CD4_Th2_XCELL,0.212006566,0.060696071,0.060696071
BLCA,A01_T_cell_CD4_Th2_XCELL,0.232975847,1.96E-06,1.96E-06
BRCA,A01_T_cell_CD4_Th2_XCELL,-0.212128542,1.52E-12,1.52E-12
CESC,A01_T_cell_CD4_Th2_XCELL,-0.021553144,0.70819061,0.70819061
CHOL,A01_T_cell_CD4_Th2_XCELL,0.102834869,0.550627805,0.550627805
COAD,A01_T_cell_CD4_Th2_XCELL,-0.036489143,0.437985683,0.437985683
ESCA,A01_T_cell_CD4_Th2_XCELL,0.051904781,0.513171643,0.513171643
GBM,A01_T_cell_CD4_Th2_XCELL,0.097375342,0.223541449,0.223541449
HNSC,A01_T_cell_CD4_Th2_XCELL,-0.17857634,5.93E-05,5.93E-05
KICH,A01_T_cell_CD4_Th2_XCELL,0.429951167,0.000350962,0.000350962
KIRC,A01_T_cell_CD4_Th2_XCELL,0.142361994,0.001014643,0.001014643
KIRP,A01_T_cell_CD4_Th2_XCELL,0.283259393,1.03E-06,1.03E-06
LGG,A01_T_cell_CD4_Th2_XCELL,0.180601143,4.09E-05,4.09E-05
LIHC,A01_T_cell_CD4_Th2_XCELL,-0.067056292,0.197506646,0.197506646
LUAD,A01_T_cell_CD4_Th2_XCELL,0.051392176,0.245724405,0.245724405
LUSC,A01_T_cell_CD4_Th2_XCELL,-0.108453448,0.015156393,0.015156393
MESO,A01_T_cell_CD4_Th2_XCELL,0.174091034,0.108913232,0.108913232
OV,A01_T_cell_CD4_Th2_XCELL,-0.073399745,0.234617022,0.234617022
PAAD,A01_T_cell_CD4_Th2_XCELL,0.136499913,0.070042546,0.070042546
PCPG,A01_T_cell_CD4_Th2_XCELL,-0.149763029,0.045397266,0.045397266
PRAD,A01_T_cell_CD4_Th2_XCELL,-0.083795333,0.062477392,0.062477392
READ,A01_T_cell_CD4_Th2_XCELL,-0.076301229,0.330018395,0.330018395
SARC,A01_T_cell_CD4_Th2_XCELL,0.127570852,0.040216591,0.040216591
SKCM,A01_T_cell_CD4_Th2_XCELL,0.046662511,0.313784049,0.313784049
STAD,A01_T_cell_CD4_Th2_XCELL,-0.091327661,0.077737238,0.077737238
TGCT,A01_T_cell_CD4_Th2_XCELL,-0.638622765,1.03E-16,1.03E-16
THCA,A01_T_cell_CD4_Th2_XCELL,0.11769776,0.008561715,0.008561715
THYM,A01_T_cell_CD4_Th2_XCELL,-0.299451468,0.000938275,0.000938275
UCEC,A01_T_cell_CD4_Th2_XCELL,0.062793927,0.143928437,0.143928437
UCS,A01_T_cell_CD4_Th2_XCELL,-0.105388991,0.439506009,0.439506009
UVM,A01_T_cell_CD4_Th2_XCELL,0.325472208,0.003219579,0.003219579
ACC,A01_T_cell_CD4_TIMER,0.411941404,0.00016195,0.00016195
BLCA,A01_T_cell_CD4_TIMER,0.357672475,9.31E-14,9.31E-14
BRCA,A01_T_cell_CD4_TIMER,0.158565864,1.44E-07,1.44E-07
CESC,A01_T_cell_CD4_TIMER,0.106436737,0.063823493,0.063823493
CHOL,A01_T_cell_CD4_TIMER,-0.101099536,0.557408,0.557408
COAD,A01_T_cell_CD4_TIMER,0.380418918,4.42E-17,4.42E-17
ESCA,A01_T_cell_CD4_TIMER,0.243755481,0.00183354,0.00183354
GBM,A01_T_cell_CD4_TIMER,-0.043332015,0.588780489,0.588780489
HNSC,A01_T_cell_CD4_TIMER,0.182362232,4.10E-05,4.10E-05
KICH,A01_T_cell_CD4_TIMER,0.670842628,9.70E-10,9.70E-10
KIRC,A01_T_cell_CD4_TIMER,0.27759929,7.82E-11,7.82E-11
KIRP,A01_T_cell_CD4_TIMER,0.233382342,6.37E-05,6.37E-05
LGG,A01_T_cell_CD4_TIMER,0.308022716,1.14E-12,1.14E-12
LIHC,A01_T_cell_CD4_TIMER,0.305144389,1.96E-09,1.96E-09
LUAD,A01_T_cell_CD4_TIMER,0.186400216,2.19E-05,2.19E-05
LUSC,A01_T_cell_CD4_TIMER,0.162350821,0.000263199,0.000263199
MESO,A01_T_cell_CD4_TIMER,0.168146453,0.121730871,0.121730871
OV,A01_T_cell_CD4_TIMER,0.138307729,0.024615586,0.024615586
PAAD,A01_T_cell_CD4_TIMER,0.119135832,0.114244478,0.114244478
PCPG,A01_T_cell_CD4_TIMER,0.465869947,4.98E-11,4.98E-11
PRAD,A01_T_cell_CD4_TIMER,0.405836386,4.75E-21,4.75E-21
READ,A01_T_cell_CD4_TIMER,0.21741061,0.005030216,0.005030216
SARC,A01_T_cell_CD4_TIMER,-0.006071997,0.922529639,0.922529639
SKCM,A01_T_cell_CD4_TIMER,0.140453191,0.002323316,0.002323316
STAD,A01_T_cell_CD4_TIMER,0.153098785,0.002993572,0.002993572
TGCT,A01_T_cell_CD4_TIMER,0.063306255,0.467417911,0.467417911
THCA,A01_T_cell_CD4_TIMER,0.341092644,4.93E-15,4.93E-15
THYM,A01_T_cell_CD4_TIMER,-0.374235145,2.76E-05,2.76E-05
UCEC,A01_T_cell_CD4_TIMER,0.123112435,0.004064188,0.004064188
UCS,A01_T_cell_CD4_TIMER,-0.084507418,0.535757221,0.535757221
UVM,A01_T_cell_CD4_TIMER,-0.313254504,0.004664704,0.004664704
