cancer,infiltrates,rho,p,adj.p
ACC,A02_B_cell_EPIC,-0.09209316,0.419544108,0.419544108
BLCA,A02_B_cell_EPIC,0.09507153,0.055008732,0.055008732
BRCA,A02_B_cell_EPIC,-0.048242765,0.111584966,0.111584966
CESC,A02_B_cell_EPIC,0.133824819,0.019584627,0.019584627
CHOL,A02_B_cell_EPIC,-0.10570075,0.539516039,0.539516039
COAD,A02_B_cell_EPIC,0.131340643,0.005063784,0.005063784
ESCA,A02_B_cell_EPIC,0.131226758,0.097057329,0.097057329
GBM,A02_B_cell_EPIC,-0.264925159,0.000768415,0.000768415
HNSC,A02_B_cell_EPIC,-0.040711603,0.363647226,0.363647226
KICH,A02_B_cell_EPIC,-0.034058055,0.78767182,0.78767182
KIRC,A02_B_cell_EPIC,0.03047971,0.483801434,0.483801434
KIRP,A02_B_cell_EPIC,0.378081611,3.22E-11,3.22E-11
LGG,A02_B_cell_EPIC,-0.049727198,0.262314999,0.262314999
LIHC,A02_B_cell_EPIC,0.067593054,0.193934714,0.193934714
LUAD,A02_B_cell_EPIC,0.17826539,4.98E-05,4.98E-05
LUSC,A02_B_cell_EPIC,0.103677309,0.02028287,0.02028287
MESO,A02_B_cell_EPIC,-0.003346495,0.975604433,0.975604433
OV,A02_B_cell_EPIC,-0.08059285,0.191760263,0.191760263
PAAD,A02_B_cell_EPIC,0.065175573,0.388754752,0.388754752
PCPG,A02_B_cell_EPIC,0.161953019,0.030317072,0.030317072
PRAD,A02_B_cell_EPIC,0.141772929,0.001565492,0.001565492
READ,A02_B_cell_EPIC,0.07264585,0.353778765,0.353778765
SARC,A02_B_cell_EPIC,-0.039332714,0.528575371,0.528575371
SKCM,A02_B_cell_EPIC,0.022860681,0.621804821,0.621804821
STAD,A02_B_cell_EPIC,0.018764567,0.71757132,0.71757132
TGCT,A02_B_cell_EPIC,-0.329583499,0.000100788,0.000100788
THCA,A02_B_cell_EPIC,0.126114808,0.004824014,0.004824014
THYM,A02_B_cell_EPIC,0.18834443,0.040237264,0.040237264
UCEC,A02_B_cell_EPIC,0.026417606,0.539029542,0.539029542
UCS,A02_B_cell_EPIC,-0.205661576,0.128353912,0.128353912
UVM,A02_B_cell_EPIC,0.273264999,0.014184242,0.014184242
ACC,A02_B_cell_MCPCOUNTER,-0.118284451,0.299163976,0.299163976
BLCA,A02_B_cell_MCPCOUNTER,0.115992,0.019096027,0.019096027
BRCA,A02_B_cell_MCPCOUNTER,-0.029406432,0.332292071,0.332292071
CESC,A02_B_cell_MCPCOUNTER,0.138040684,0.016020539,0.016020539
CHOL,A02_B_cell_MCPCOUNTER,-0.111417959,0.517674636,0.517674636
COAD,A02_B_cell_MCPCOUNTER,0.149345549,0.001416393,0.001416393
ESCA,A02_B_cell_MCPCOUNTER,0.139542301,0.077488985,0.077488985
GBM,A02_B_cell_MCPCOUNTER,0.043327627,0.588818263,0.588818263
HNSC,A02_B_cell_MCPCOUNTER,-0.022288339,0.619050288,0.619050288
KICH,A02_B_cell_MCPCOUNTER,0.029678233,0.814455136,0.814455136
KIRC,A02_B_cell_MCPCOUNTER,0.120384095,0.005520087,0.005520087
KIRP,A02_B_cell_MCPCOUNTER,0.326089293,1.47E-08,1.47E-08
LGG,A02_B_cell_MCPCOUNTER,0.013433139,0.762170123,0.762170123
LIHC,A02_B_cell_MCPCOUNTER,0.111375685,0.031978063,0.031978063
LUAD,A02_B_cell_MCPCOUNTER,0.171854614,9.30E-05,9.30E-05
LUSC,A02_B_cell_MCPCOUNTER,0.081910367,0.066966057,0.066966057
MESO,A02_B_cell_MCPCOUNTER,-0.001741456,0.987303566,0.987303566
OV,A02_B_cell_MCPCOUNTER,-0.115105104,0.061821483,0.061821483
PAAD,A02_B_cell_MCPCOUNTER,0.073952727,0.327952503,0.327952503
PCPG,A02_B_cell_MCPCOUNTER,0.194705811,0.009007199,0.009007199
PRAD,A02_B_cell_MCPCOUNTER,-0.003413463,0.939615626,0.939615626
READ,A02_B_cell_MCPCOUNTER,0.088851908,0.256420178,0.256420178
SARC,A02_B_cell_MCPCOUNTER,-0.013342072,0.830787851,0.830787851
SKCM,A02_B_cell_MCPCOUNTER,0.047131779,0.308936981,0.308936981
STAD,A02_B_cell_MCPCOUNTER,0.017558782,0.73501649,0.73501649
TGCT,A02_B_cell_MCPCOUNTER,-0.206648742,0.016591419,0.016591419
THCA,A02_B_cell_MCPCOUNTER,0.138035496,0.00201889,0.00201889
THYM,A02_B_cell_MCPCOUNTER,0.041221551,0.656235304,0.656235304
UCEC,A02_B_cell_MCPCOUNTER,0.065481424,0.127510867,0.127510867
UCS,A02_B_cell_MCPCOUNTER,-0.185347389,0.171433293,0.171433293
UVM,A02_B_cell_MCPCOUNTER,0.206338915,0.066310347,0.066310347
ACC,A02_B_cell_memory_CIBERSORT,-0.050109862,0.66097837,0.66097837
BLCA,A02_B_cell_memory_CIBERSORT,0.025473801,0.607916226,0.607916226
BRCA,A02_B_cell_memory_CIBERSORT,-0.075166409,0.013095798,0.013095798
CESC,A02_B_cell_memory_CIBERSORT,0.123316987,0.03159811,0.03159811
CHOL,A02_B_cell_memory_CIBERSORT,-0.065247717,0.705376086,0.705376086
COAD,A02_B_cell_memory_CIBERSORT,0.051616435,0.272420532,0.272420532
ESCA,A02_B_cell_memory_CIBERSORT,-0.032883061,0.678800703,0.678800703
GBM,A02_B_cell_memory_CIBERSORT,-0.016833276,0.833725608,0.833725608
HNSC,A02_B_cell_memory_CIBERSORT,-0.121244613,0.006640666,0.006640666
KICH,A02_B_cell_memory_CIBERSORT,0.086330872,0.494104653,0.494104653
KIRC,A02_B_cell_memory_CIBERSORT,0.007163137,0.869321373,0.869321373
KIRP,A02_B_cell_memory_CIBERSORT,0.098642358,0.094758572,0.094758572
LGG,A02_B_cell_memory_CIBERSORT,0.045687933,0.303111003,0.303111003
LIHC,A02_B_cell_memory_CIBERSORT,0.093990792,0.070561952,0.070561952
LUAD,A02_B_cell_memory_CIBERSORT,0.025417825,0.566085077,0.566085077
LUSC,A02_B_cell_memory_CIBERSORT,0.005361039,0.904722839,0.904722839
MESO,A02_B_cell_memory_CIBERSORT,0.017054188,0.876150413,0.876150413
OV,A02_B_cell_memory_CIBERSORT,-0.100774806,0.102303227,0.102303227
PAAD,A02_B_cell_memory_CIBERSORT,-0.0146507,0.846532741,0.846532741
PCPG,A02_B_cell_memory_CIBERSORT,0.161562746,0.030723637,0.030723637
PRAD,A02_B_cell_memory_CIBERSORT,0.077152807,0.086389509,0.086389509
READ,A02_B_cell_memory_CIBERSORT,-0.209812603,0.006835034,0.006835034
SARC,A02_B_cell_memory_CIBERSORT,-0.015167556,0.808058094,0.808058094
SKCM,A02_B_cell_memory_CIBERSORT,-0.021097124,0.648943254,0.648943254
STAD,A02_B_cell_memory_CIBERSORT,0.005920541,0.909146208,0.909146208
TGCT,A02_B_cell_memory_CIBERSORT,-0.013889099,0.873448785,0.873448785
THCA,A02_B_cell_memory_CIBERSORT,0.182312037,4.27E-05,4.27E-05
THYM,A02_B_cell_memory_CIBERSORT,0.145415116,0.114577702,0.114577702
UCEC,A02_B_cell_memory_CIBERSORT,-0.033585591,0.434778751,0.434778751
UCS,A02_B_cell_memory_CIBERSORT,-0.362770814,0.005999925,0.005999925
UVM,A02_B_cell_memory_CIBERSORT,0.1057849,0.350354725,0.350354725
ACC,A02_B_cell_memory_XCELL,-0.082402977,0.470313689,0.470313689
BLCA,A02_B_cell_memory_XCELL,0.206121057,2.72E-05,2.72E-05
BRCA,A02_B_cell_memory_XCELL,-0.091446249,0.002522816,0.002522816
CESC,A02_B_cell_memory_XCELL,2.52E-05,0.999651197,0.999651197
CHOL,A02_B_cell_memory_XCELL,-0.091930104,0.593863445,0.593863445
COAD,A02_B_cell_memory_XCELL,0.014907017,0.751418213,0.751418213
ESCA,A02_B_cell_memory_XCELL,0.019705984,0.804044099,0.804044099
GBM,A02_B_cell_memory_XCELL,-0.034949296,0.662872403,0.662872403
HNSC,A02_B_cell_memory_XCELL,-0.08325506,0.062855705,0.062855705
KICH,A02_B_cell_memory_XCELL,0.074502298,0.555309525,0.555309525
KIRC,A02_B_cell_memory_XCELL,0.046841375,0.281742031,0.281742031
KIRP,A02_B_cell_memory_XCELL,0.225960934,0.000109663,0.000109663
LGG,A02_B_cell_memory_XCELL,0.04159733,0.348501043,0.348501043
LIHC,A02_B_cell_memory_XCELL,0.065282978,0.209647849,0.209647849
LUAD,A02_B_cell_memory_XCELL,0.080497222,0.068767136,0.068767136
LUSC,A02_B_cell_memory_XCELL,0.104952712,0.018784285,0.018784285
MESO,A02_B_cell_memory_XCELL,-0.029606485,0.786697982,0.786697982
OV,A02_B_cell_memory_XCELL,-0.011916709,0.847184793,0.847184793
PAAD,A02_B_cell_memory_XCELL,0.104591926,0.165915236,0.165915236
PCPG,A02_B_cell_memory_XCELL,0.057710953,0.44287318,0.44287318
PRAD,A02_B_cell_memory_XCELL,0.086699628,0.053892534,0.053892534
READ,A02_B_cell_memory_XCELL,-0.126791942,0.104622158,0.104622158
SARC,A02_B_cell_memory_XCELL,-0.011303602,0.856336079,0.856336079
SKCM,A02_B_cell_memory_XCELL,0.062324714,0.178304814,0.178304814
STAD,A02_B_cell_memory_XCELL,0.01011567,0.845410256,0.845410256
TGCT,A02_B_cell_memory_XCELL,-0.265857624,0.001904304,0.001904304
THCA,A02_B_cell_memory_XCELL,0.142579392,0.001422204,0.001422204
THYM,A02_B_cell_memory_XCELL,0.157170052,0.087812384,0.087812384
UCEC,A02_B_cell_memory_XCELL,-0.025550619,0.552435413,0.552435413
UCS,A02_B_cell_memory_XCELL,-0.333950959,0.011890915,0.011890915
UVM,A02_B_cell_memory_XCELL,0.158369496,0.160593512,0.160593512
ACC,A02_B_cell_naive_CIBERSORT,-0.032581197,0.775607457,0.775607457
BLCA,A02_B_cell_naive_CIBERSORT,0.015669901,0.752332879,0.752332879
BRCA,A02_B_cell_naive_CIBERSORT,0.022860776,0.451066796,0.451066796
CESC,A02_B_cell_naive_CIBERSORT,-0.035671933,0.535523549,0.535523549
CHOL,A02_B_cell_naive_CIBERSORT,-0.038829528,0.82210402,0.82210402
COAD,A02_B_cell_naive_CIBERSORT,-0.056500703,0.229550644,0.229550644
ESCA,A02_B_cell_naive_CIBERSORT,-0.221487651,0.004748434,0.004748434
GBM,A02_B_cell_naive_CIBERSORT,-0.153478385,0.054192116,0.054192116
HNSC,A02_B_cell_naive_CIBERSORT,-0.010084818,0.822022295,0.822022295
KICH,A02_B_cell_naive_CIBERSORT,-0.242025199,0.052089588,0.052089588
KIRC,A02_B_cell_naive_CIBERSORT,-0.059825205,0.169050905,0.169050905
KIRP,A02_B_cell_naive_CIBERSORT,0.102918673,0.081224527,0.081224527
LGG,A02_B_cell_naive_CIBERSORT,-0.185210425,2.57E-05,2.57E-05
LIHC,A02_B_cell_naive_CIBERSORT,-0.053246719,0.30636974,0.30636974
LUAD,A02_B_cell_naive_CIBERSORT,-0.20435479,3.13E-06,3.13E-06
LUSC,A02_B_cell_naive_CIBERSORT,-0.160020523,0.000323153,0.000323153
MESO,A02_B_cell_naive_CIBERSORT,0.043604442,0.690155915,0.690155915
OV,A02_B_cell_naive_CIBERSORT,-0.104177476,0.091171357,0.091171357
PAAD,A02_B_cell_naive_CIBERSORT,0.002213658,0.976671446,0.976671446
PCPG,A02_B_cell_naive_CIBERSORT,0.015656834,0.835213837,0.835213837
PRAD,A02_B_cell_naive_CIBERSORT,0.014119952,0.753999196,0.753999196
READ,A02_B_cell_naive_CIBERSORT,-0.083986714,0.283484977,0.283484977
SARC,A02_B_cell_naive_CIBERSORT,-0.235054466,0.000134441,0.000134441
SKCM,A02_B_cell_naive_CIBERSORT,-0.100846199,0.029156335,0.029156335
STAD,A02_B_cell_naive_CIBERSORT,-0.189985273,0.000219408,0.000219408
TGCT,A02_B_cell_naive_CIBERSORT,-0.463033833,1.77E-08,1.77E-08
THCA,A02_B_cell_naive_CIBERSORT,-0.030603635,0.495623817,0.495623817
THYM,A02_B_cell_naive_CIBERSORT,0.034381963,0.710478281,0.710478281
UCEC,A02_B_cell_naive_CIBERSORT,0.013461215,0.754303902,0.754303902
UCS,A02_B_cell_naive_CIBERSORT,-0.005265712,0.969275899,0.969275899
UVM,A02_B_cell_naive_CIBERSORT,-0.368410246,0.000772694,0.000772694
ACC,A02_B_cell_naive_XCELL,-0.062628676,0.583470874,0.583470874
BLCA,A02_B_cell_naive_XCELL,0.122995651,0.012911004,0.012911004
BRCA,A02_B_cell_naive_XCELL,-0.07578703,0.012359921,0.012359921
CESC,A02_B_cell_naive_XCELL,-0.004049105,0.943948512,0.943948512
CHOL,A02_B_cell_naive_XCELL,-0.101725882,0.554956306,0.554956306
COAD,A02_B_cell_naive_XCELL,0.033510747,0.476307272,0.476307272
ESCA,A02_B_cell_naive_XCELL,0.005793828,0.941851294,0.941851294
GBM,A02_B_cell_naive_XCELL,0.223202894,0.00481746,0.00481746
HNSC,A02_B_cell_naive_XCELL,-0.051083514,0.254224795,0.254224795
KICH,A02_B_cell_naive_XCELL,0.160513083,0.201500402,0.201500402
KIRC,A02_B_cell_naive_XCELL,0.023802138,0.584550457,0.584550457
KIRP,A02_B_cell_naive_XCELL,0.261117245,7.12E-06,7.12E-06
LGG,A02_B_cell_naive_XCELL,0.048428442,0.274997876,0.274997876
LIHC,A02_B_cell_naive_XCELL,0.077568033,0.135890169,0.135890169
LUAD,A02_B_cell_naive_XCELL,0.048523821,0.27310907,0.27310907
LUSC,A02_B_cell_naive_XCELL,-0.024830366,0.579253105,0.579253105
MESO,A02_B_cell_naive_XCELL,-0.029017552,0.790843198,0.790843198
OV,A02_B_cell_naive_XCELL,-0.01390804,0.822043478,0.822043478
PAAD,A02_B_cell_naive_XCELL,0.081792134,0.279128965,0.279128965
PCPG,A02_B_cell_naive_XCELL,0.244419148,0.000976009,0.000976009
PRAD,A02_B_cell_naive_XCELL,0.054421299,0.226804197,0.226804197
READ,A02_B_cell_naive_XCELL,-0.110843697,0.156377624,0.156377624
SARC,A02_B_cell_naive_XCELL,-0.000929233,0.988126121,0.988126121
SKCM,A02_B_cell_naive_XCELL,0.02407812,0.603362105,0.603362105
STAD,A02_B_cell_naive_XCELL,-0.049417441,0.340554015,0.340554015
TGCT,A02_B_cell_naive_XCELL,-0.613264341,3.36E-15,3.36E-15
THCA,A02_B_cell_naive_XCELL,0.112832549,0.011745993,0.011745993
THYM,A02_B_cell_naive_XCELL,0.158183264,0.085760698,0.085760698
UCEC,A02_B_cell_naive_XCELL,0.033795725,0.431908579,0.431908579
UCS,A02_B_cell_naive_XCELL,-0.216071671,0.109727149,0.109727149
UVM,A02_B_cell_naive_XCELL,-0.047417684,0.676183463,0.676183463
ACC,A02_B_cell_plasma_CIBERSORT,-0.072122383,0.527619856,0.527619856
BLCA,A02_B_cell_plasma_CIBERSORT,-0.291773446,1.89E-09,1.89E-09
BRCA,A02_B_cell_plasma_CIBERSORT,0.021328631,0.481983171,0.481983171
CESC,A02_B_cell_plasma_CIBERSORT,0.00713566,0.901391673,0.901391673
CHOL,A02_B_cell_plasma_CIBERSORT,-0.281663915,0.096066877,0.096066877
COAD,A02_B_cell_plasma_CIBERSORT,-0.244819563,1.27E-07,1.27E-07
ESCA,A02_B_cell_plasma_CIBERSORT,-0.069746809,0.37931271,0.37931271
GBM,A02_B_cell_plasma_CIBERSORT,-0.288585929,0.000235793,0.000235793
HNSC,A02_B_cell_plasma_CIBERSORT,-0.216900337,9.77E-07,9.77E-07
KICH,A02_B_cell_plasma_CIBERSORT,-0.204061166,0.103000429,0.103000429
KIRC,A02_B_cell_plasma_CIBERSORT,-0.127144962,0.003366848,0.003366848
KIRP,A02_B_cell_plasma_CIBERSORT,-0.020253084,0.732165336,0.732165336
LGG,A02_B_cell_plasma_CIBERSORT,-0.295973391,9.04E-12,9.04E-12
LIHC,A02_B_cell_plasma_CIBERSORT,-0.179839544,0.000500133,0.000500133
LUAD,A02_B_cell_plasma_CIBERSORT,-0.088590227,0.045111917,0.045111917
LUSC,A02_B_cell_plasma_CIBERSORT,-0.093751023,0.035921715,0.035921715
MESO,A02_B_cell_plasma_CIBERSORT,-0.041995359,0.701038064,0.701038064
OV,A02_B_cell_plasma_CIBERSORT,-0.292882299,1.28E-06,1.28E-06
PAAD,A02_B_cell_plasma_CIBERSORT,-0.110239901,0.144094803,0.144094803
PCPG,A02_B_cell_plasma_CIBERSORT,-0.279908711,0.000147747,0.000147747
PRAD,A02_B_cell_plasma_CIBERSORT,-0.006690955,0.881956351,0.881956351
READ,A02_B_cell_plasma_CIBERSORT,-0.247831024,0.001329818,0.001329818
SARC,A02_B_cell_plasma_CIBERSORT,-0.315608915,2.13E-07,2.13E-07
SKCM,A02_B_cell_plasma_CIBERSORT,-0.190646404,3.30E-05,3.30E-05
STAD,A02_B_cell_plasma_CIBERSORT,-0.148103813,0.004098881,0.004098881
TGCT,A02_B_cell_plasma_CIBERSORT,-0.168702591,0.051347055,0.051347055
THCA,A02_B_cell_plasma_CIBERSORT,-0.377409134,2.64E-18,2.64E-18
THYM,A02_B_cell_plasma_CIBERSORT,0.015257611,0.869185131,0.869185131
UCEC,A02_B_cell_plasma_CIBERSORT,0.021310265,0.620253297,0.620253297
UCS,A02_B_cell_plasma_CIBERSORT,0.084609836,0.535261228,0.535261228
UVM,A02_B_cell_plasma_CIBERSORT,-0.186973644,0.096773061,0.096773061
ACC,A02_B_cell_plasma_XCELL,-0.31667421,0.004463958,0.004463958
BLCA,A02_B_cell_plasma_XCELL,0.059101216,0.233588861,0.233588861
BRCA,A02_B_cell_plasma_XCELL,-0.223040328,9.63E-14,9.63E-14
CESC,A02_B_cell_plasma_XCELL,-0.107837822,0.060387915,0.060387915
CHOL,A02_B_cell_plasma_XCELL,-0.299813577,0.07564776,0.07564776
COAD,A02_B_cell_plasma_XCELL,-0.24276882,1.63E-07,1.63E-07
ESCA,A02_B_cell_plasma_XCELL,-0.178423865,0.023542941,0.023542941
GBM,A02_B_cell_plasma_XCELL,-0.257522502,0.001088555,0.001088555
HNSC,A02_B_cell_plasma_XCELL,-0.182547771,4.02E-05,4.02E-05
KICH,A02_B_cell_plasma_XCELL,-0.272177507,0.028280174,0.028280174
KIRC,A02_B_cell_plasma_XCELL,-0.133899149,0.002006735,0.002006735
KIRP,A02_B_cell_plasma_XCELL,0.075424776,0.201866143,0.201866143
LGG,A02_B_cell_plasma_XCELL,-0.267101248,8.85E-10,8.85E-10
LIHC,A02_B_cell_plasma_XCELL,-0.288420194,1.54E-08,1.54E-08
LUAD,A02_B_cell_plasma_XCELL,-0.006004361,0.892190995,0.892190995
LUSC,A02_B_cell_plasma_XCELL,0.169291798,0.000140485,0.000140485
MESO,A02_B_cell_plasma_XCELL,-0.234058847,0.030079952,0.030079952
OV,A02_B_cell_plasma_XCELL,-0.097841605,0.112738893,0.112738893
PAAD,A02_B_cell_plasma_XCELL,-0.174545296,0.020147638,0.020147638
PCPG,A02_B_cell_plasma_XCELL,-0.28527005,0.000108543,0.000108543
PRAD,A02_B_cell_plasma_XCELL,-0.461638692,1.70E-27,1.70E-27
READ,A02_B_cell_plasma_XCELL,-0.190056739,0.014481516,0.014481516
SARC,A02_B_cell_plasma_XCELL,-0.125415263,0.043740018,0.043740018
SKCM,A02_B_cell_plasma_XCELL,-0.040237823,0.385120053,0.385120053
STAD,A02_B_cell_plasma_XCELL,-0.180510327,0.000451357,0.000451357
TGCT,A02_B_cell_plasma_XCELL,-0.240908735,0.005047058,0.005047058
THCA,A02_B_cell_plasma_XCELL,-0.104271486,0.019943265,0.019943265
THYM,A02_B_cell_plasma_XCELL,0.034921328,0.706143328,0.706143328
UCEC,A02_B_cell_plasma_XCELL,-0.113820441,0.007935422,0.007935422
UCS,A02_B_cell_plasma_XCELL,-0.278069409,0.037980325,0.037980325
UVM,A02_B_cell_plasma_XCELL,0.23864386,0.033022753,0.033022753
ACC,A02_B_cell_QUANTISEQ,-0.131494829,0.248030409,0.248030409
BLCA,A02_B_cell_QUANTISEQ,0.106596135,0.031344847,0.031344847
BRCA,A02_B_cell_QUANTISEQ,-0.061794158,0.041468602,0.041468602
CESC,A02_B_cell_QUANTISEQ,0.057487242,0.317784278,0.317784278
CHOL,A02_B_cell_QUANTISEQ,-0.09492387,0.581846841,0.581846841
COAD,A02_B_cell_QUANTISEQ,0.15831565,0.000710877,0.000710877
ESCA,A02_B_cell_QUANTISEQ,0.118419927,0.134616633,0.134616633
GBM,A02_B_cell_QUANTISEQ,-0.050196571,0.531087957,0.531087957
HNSC,A02_B_cell_QUANTISEQ,-0.034715387,0.438605463,0.438605463
KICH,A02_B_cell_QUANTISEQ,-0.114231173,0.364902935,0.364902935
KIRC,A02_B_cell_QUANTISEQ,-0.010426789,0.810731498,0.810731498
KIRP,A02_B_cell_QUANTISEQ,0.30162993,1.80E-07,1.80E-07
LGG,A02_B_cell_QUANTISEQ,0.036601596,0.409468906,0.409468906
LIHC,A02_B_cell_QUANTISEQ,0.176965805,0.000616695,0.000616695
LUAD,A02_B_cell_QUANTISEQ,0.114462757,0.009536686,0.009536686
LUSC,A02_B_cell_QUANTISEQ,0.047563862,0.287979044,0.287979044
MESO,A02_B_cell_QUANTISEQ,-0.056516499,0.605256334,0.605256334
OV,A02_B_cell_QUANTISEQ,0.070391569,0.254405175,0.254405175
PAAD,A02_B_cell_QUANTISEQ,0.061539265,0.415818316,0.415818316
PCPG,A02_B_cell_QUANTISEQ,0.053437553,0.477428348,0.477428348
PRAD,A02_B_cell_QUANTISEQ,0.06677016,0.137956917,0.137956917
READ,A02_B_cell_QUANTISEQ,0.162586525,0.036934416,0.036934416
SARC,A02_B_cell_QUANTISEQ,-0.057450786,0.357117512,0.357117512
SKCM,A02_B_cell_QUANTISEQ,0.03437193,0.458202915,0.458202915
STAD,A02_B_cell_QUANTISEQ,0.029658263,0.56747824,0.56747824
TGCT,A02_B_cell_QUANTISEQ,-0.520247429,1.17E-10,1.17E-10
THCA,A02_B_cell_QUANTISEQ,0.153939231,0.000566365,0.000566365
THYM,A02_B_cell_QUANTISEQ,0.230437124,0.011693311,0.011693311
UCEC,A02_B_cell_QUANTISEQ,0.049914001,0.245577834,0.245577834
UCS,A02_B_cell_QUANTISEQ,-0.08925344,0.513012118,0.513012118
UVM,A02_B_cell_QUANTISEQ,0.079302246,0.484402128,0.484402128
ACC,A02_B_cell_TIMER,0.05982706,0.600453607,0.600453607
BLCA,A02_B_cell_TIMER,0.049162687,0.321885818,0.321885818
BRCA,A02_B_cell_TIMER,-0.028057378,0.354959542,0.354959542
CESC,A02_B_cell_TIMER,0.052713425,0.35969804,0.35969804
CHOL,A02_B_cell_TIMER,-0.077754653,0.652172034,0.652172034
COAD,A02_B_cell_TIMER,0.097955547,0.036939514,0.036939514
ESCA,A02_B_cell_TIMER,0.059659649,0.452190805,0.452190805
GBM,A02_B_cell_TIMER,-0.028558834,0.721689862,0.721689862
HNSC,A02_B_cell_TIMER,0.000319111,0.994320952,0.994320952
KICH,A02_B_cell_TIMER,0.216836846,0.082744064,0.082744064
KIRC,A02_B_cell_TIMER,0.015313175,0.725045231,0.725045231
KIRP,A02_B_cell_TIMER,0.432954486,1.38E-14,1.38E-14
LGG,A02_B_cell_TIMER,0.177376492,5.63E-05,5.63E-05
LIHC,A02_B_cell_TIMER,0.2655432,2.09E-07,2.09E-07
LUAD,A02_B_cell_TIMER,0.056926152,0.198447784,0.198447784
LUSC,A02_B_cell_TIMER,0.060585616,0.175753522,0.175753522
MESO,A02_B_cell_TIMER,-0.017778805,0.870932549,0.870932549
OV,A02_B_cell_TIMER,-0.037322952,0.546003886,0.546003886
PAAD,A02_B_cell_TIMER,0.155674055,0.038539915,0.038539915
PCPG,A02_B_cell_TIMER,0.244979561,0.000949251,0.000949251
PRAD,A02_B_cell_TIMER,0.320526223,2.73E-13,2.73E-13
READ,A02_B_cell_TIMER,0.103145065,0.187380116,0.187380116
SARC,A02_B_cell_TIMER,0.053025568,0.395416233,0.395416233
SKCM,A02_B_cell_TIMER,0.065569843,0.156710037,0.156710037
STAD,A02_B_cell_TIMER,0.02465901,0.634531448,0.634531448
TGCT,A02_B_cell_TIMER,-0.308617725,0.000285611,0.000285611
THCA,A02_B_cell_TIMER,0.204229036,4.34E-06,4.34E-06
THYM,A02_B_cell_TIMER,-0.339320694,0.000159931,0.000159931
UCEC,A02_B_cell_TIMER,0.098086981,0.022259786,0.022259786
UCS,A02_B_cell_TIMER,-0.200278932,0.138876428,0.138876428
UVM,A02_B_cell_TIMER,-0.174850878,0.120835369,0.120835369
ACC,A02_B_cell_XCELL,-0.176866742,0.118927845,0.118927845
BLCA,A02_B_cell_XCELL,0.168352449,0.000638941,0.000638941
BRCA,A02_B_cell_XCELL,-0.106649317,0.000422773,0.000422773
CESC,A02_B_cell_XCELL,-0.044943923,0.434925745,0.434925745
CHOL,A02_B_cell_XCELL,-0.097192928,0.572812111,0.572812111
COAD,A02_B_cell_XCELL,0.018293727,0.697462983,0.697462983
ESCA,A02_B_cell_XCELL,0.104399596,0.1875153,0.1875153
GBM,A02_B_cell_XCELL,0.141794571,0.07554055,0.07554055
HNSC,A02_B_cell_XCELL,-0.150065224,0.000761996,0.000761996
KICH,A02_B_cell_XCELL,0.058364385,0.644215749,0.644215749
KIRC,A02_B_cell_XCELL,-0.057066657,0.189607752,0.189607752
KIRP,A02_B_cell_XCELL,0.23087124,7.67E-05,7.67E-05
LGG,A02_B_cell_XCELL,0.196581348,7.74E-06,7.74E-06
LIHC,A02_B_cell_XCELL,0.03300685,0.526221687,0.526221687
LUAD,A02_B_cell_XCELL,0.063319805,0.152516869,0.152516869
LUSC,A02_B_cell_XCELL,0.116509851,0.009048287,0.009048287
MESO,A02_B_cell_XCELL,-0.05640482,0.605970672,0.605970672
OV,A02_B_cell_XCELL,-0.051702183,0.402798048,0.402798048
PAAD,A02_B_cell_XCELL,0.112359937,0.136492753,0.136492753
PCPG,A02_B_cell_XCELL,0.060185651,0.423529065,0.423529065
PRAD,A02_B_cell_XCELL,0.062020725,0.168292218,0.168292218
READ,A02_B_cell_XCELL,-0.105842797,0.176041812,0.176041812
SARC,A02_B_cell_XCELL,-0.005184211,0.9338285,0.9338285
SKCM,A02_B_cell_XCELL,0.03777326,0.414919918,0.414919918
STAD,A02_B_cell_XCELL,-0.003981774,0.938825299,0.938825299
TGCT,A02_B_cell_XCELL,-0.437429908,1.26E-07,1.26E-07
THCA,A02_B_cell_XCELL,0.174406131,9.14E-05,9.14E-05
THYM,A02_B_cell_XCELL,0.006606823,0.943149477,0.943149477
UCEC,A02_B_cell_XCELL,-0.080774768,0.059974685,0.059974685
UCS,A02_B_cell_XCELL,-0.383033876,0.003571401,0.003571401
UVM,A02_B_cell_XCELL,0.220965473,0.04887388,0.04887388
