cancer,infiltrates,rho,p,adj.p
ACC,A03_Cancer_associated_fibroblast_EPIC,0.627404827,6.12E-10,6.12E-10
BLCA,A03_Cancer_associated_fibroblast_EPIC,0.661425576,1.13E-52,1.13E-52
BRCA,A03_Cancer_associated_fibroblast_EPIC,0.709294663,2.85E-167,2.85E-167
CESC,A03_Cancer_associated_fibroblast_EPIC,0.625367249,2.14E-34,2.14E-34
CHOL,A03_Cancer_associated_fibroblast_EPIC,0.749435107,1.45E-07,1.45E-07
COAD,A03_Cancer_associated_fibroblast_EPIC,0.61229315,4.67E-48,4.67E-48
ESCA,A03_Cancer_associated_fibroblast_EPIC,0.702456938,2.94E-25,2.94E-25
GBM,A03_Cancer_associated_fibroblast_EPIC,0.598099341,1.06E-16,1.06E-16
HNSC,A03_Cancer_associated_fibroblast_EPIC,0.700964887,4.02E-75,4.02E-75
KICH,A03_Cancer_associated_fibroblast_EPIC,0.653483945,3.61E-09,3.61E-09
KIRC,A03_Cancer_associated_fibroblast_EPIC,0.545701529,1.86E-42,1.86E-42
KIRP,A03_Cancer_associated_fibroblast_EPIC,0.677149522,5.52E-40,5.52E-40
LGG,A03_Cancer_associated_fibroblast_EPIC,0.395460022,1.54E-20,1.54E-20
LIHC,A03_Cancer_associated_fibroblast_EPIC,0.635474303,2.34E-43,2.34E-43
LUAD,A03_Cancer_associated_fibroblast_EPIC,0.657405532,1.13E-64,1.13E-64
LUSC,A03_Cancer_associated_fibroblast_EPIC,0.710303739,4.04E-78,4.04E-78
MESO,A03_Cancer_associated_fibroblast_EPIC,0.745826967,1.74E-16,1.74E-16
OV,A03_Cancer_associated_fibroblast_EPIC,0.728118538,7.15E-45,7.15E-45
PAAD,A03_Cancer_associated_fibroblast_EPIC,0.680098439,2.24E-25,2.24E-25
PCPG,A03_Cancer_associated_fibroblast_EPIC,0.514538856,1.73E-13,1.73E-13
PRAD,A03_Cancer_associated_fibroblast_EPIC,0.545881961,8.71E-40,8.71E-40
READ,A03_Cancer_associated_fibroblast_EPIC,0.647795046,5.27E-21,5.27E-21
SARC,A03_Cancer_associated_fibroblast_EPIC,0.591100486,8.56E-26,8.56E-26
SKCM,A03_Cancer_associated_fibroblast_EPIC,0.609917025,5.08E-49,5.08E-49
STAD,A03_Cancer_associated_fibroblast_EPIC,0.662485983,1.31E-48,1.31E-48
TGCT,A03_Cancer_associated_fibroblast_EPIC,0.729637714,1.54E-23,1.54E-23
THCA,A03_Cancer_associated_fibroblast_EPIC,0.594495265,6.48E-49,6.48E-49
THYM,A03_Cancer_associated_fibroblast_EPIC,0.550251383,9.03E-11,9.03E-11
UCEC,A03_Cancer_associated_fibroblast_EPIC,0.642002831,2.04E-64,2.04E-64
UCS,A03_Cancer_associated_fibroblast_EPIC,0.614329096,4.75E-07,4.75E-07
UVM,A03_Cancer_associated_fibroblast_EPIC,0.573234745,2.74E-08,2.74E-08
ACC,A03_Cancer_associated_fibroblast_MCPCOUNTER,0.687234911,2.67E-12,2.67E-12
BLCA,A03_Cancer_associated_fibroblast_MCPCOUNTER,0.700400636,1.95E-61,1.95E-61
BRCA,A03_Cancer_associated_fibroblast_MCPCOUNTER,0.720028713,1.11E-174,1.11E-174
CESC,A03_Cancer_associated_fibroblast_MCPCOUNTER,0.680680138,1.03E-42,1.03E-42
CHOL,A03_Cancer_associated_fibroblast_MCPCOUNTER,0.84431158,9.76E-11,9.76E-11
COAD,A03_Cancer_associated_fibroblast_MCPCOUNTER,0.662066568,1.36E-58,1.36E-58
ESCA,A03_Cancer_associated_fibroblast_MCPCOUNTER,0.762137208,7.85E-32,7.85E-32
GBM,A03_Cancer_associated_fibroblast_MCPCOUNTER,0.696356257,3.06E-24,3.06E-24
HNSC,A03_Cancer_associated_fibroblast_MCPCOUNTER,0.668056291,6.35E-66,6.35E-66
KICH,A03_Cancer_associated_fibroblast_MCPCOUNTER,0.661474037,1.99E-09,1.99E-09
KIRC,A03_Cancer_associated_fibroblast_MCPCOUNTER,0.676818511,2.93E-72,2.93E-72
KIRP,A03_Cancer_associated_fibroblast_MCPCOUNTER,0.704905145,1.45E-44,1.45E-44
LGG,A03_Cancer_associated_fibroblast_MCPCOUNTER,0.53890715,9.32E-40,9.32E-40
LIHC,A03_Cancer_associated_fibroblast_MCPCOUNTER,0.678320201,2.48E-51,2.48E-51
LUAD,A03_Cancer_associated_fibroblast_MCPCOUNTER,0.716179158,1.08E-81,1.08E-81
LUSC,A03_Cancer_associated_fibroblast_MCPCOUNTER,0.731012372,7.28E-85,7.28E-85
MESO,A03_Cancer_associated_fibroblast_MCPCOUNTER,0.653284784,9.25E-12,9.25E-12
OV,A03_Cancer_associated_fibroblast_MCPCOUNTER,0.769646475,5.65E-53,5.65E-53
PAAD,A03_Cancer_associated_fibroblast_MCPCOUNTER,0.707751775,3.30E-28,3.30E-28
PCPG,A03_Cancer_associated_fibroblast_MCPCOUNTER,0.64175855,3.68E-22,3.68E-22
PRAD,A03_Cancer_associated_fibroblast_MCPCOUNTER,0.635324547,2.60E-57,2.60E-57
READ,A03_Cancer_associated_fibroblast_MCPCOUNTER,0.709497186,1.47E-26,1.47E-26
SARC,A03_Cancer_associated_fibroblast_MCPCOUNTER,0.471542746,9.61E-16,9.61E-16
SKCM,A03_Cancer_associated_fibroblast_MCPCOUNTER,0.582508326,7.23E-44,7.23E-44
STAD,A03_Cancer_associated_fibroblast_MCPCOUNTER,0.704193004,2.74E-57,2.74E-57
TGCT,A03_Cancer_associated_fibroblast_MCPCOUNTER,0.722002202,7.32E-23,7.32E-23
THCA,A03_Cancer_associated_fibroblast_MCPCOUNTER,0.615884229,2.49E-53,2.49E-53
THYM,A03_Cancer_associated_fibroblast_MCPCOUNTER,0.679080291,2.10E-17,2.10E-17
UCEC,A03_Cancer_associated_fibroblast_MCPCOUNTER,0.713547182,1.21E-85,1.21E-85
UCS,A03_Cancer_associated_fibroblast_MCPCOUNTER,0.655110434,4.30E-08,4.30E-08
UVM,A03_Cancer_associated_fibroblast_MCPCOUNTER,0.565780113,4.53E-08,4.53E-08
ACC,A03_Cancer_associated_fibroblast_TIDE,0.494209909,3.68E-06,3.68E-06
BLCA,A03_Cancer_associated_fibroblast_TIDE,0.698085176,7.09E-61,7.09E-61
BRCA,A03_Cancer_associated_fibroblast_TIDE,0.717362063,8.29E-173,8.29E-173
CESC,A03_Cancer_associated_fibroblast_TIDE,0.561513947,1.17E-26,1.17E-26
CHOL,A03_Cancer_associated_fibroblast_TIDE,0.606531098,8.81E-05,8.81E-05
COAD,A03_Cancer_associated_fibroblast_TIDE,0.723851318,7.26E-75,7.26E-75
ESCA,A03_Cancer_associated_fibroblast_TIDE,0.776108362,1.17E-33,1.17E-33
GBM,A03_Cancer_associated_fibroblast_TIDE,0.550263131,6.92E-14,6.92E-14
HNSC,A03_Cancer_associated_fibroblast_TIDE,0.697868978,3.34E-74,3.34E-74
KICH,A03_Cancer_associated_fibroblast_TIDE,0.69417443,1.43E-10,1.43E-10
KIRC,A03_Cancer_associated_fibroblast_TIDE,0.545220661,2.26E-42,2.26E-42
KIRP,A03_Cancer_associated_fibroblast_TIDE,0.41070522,3.80E-13,3.80E-13
LGG,A03_Cancer_associated_fibroblast_TIDE,0.382670507,3.13E-19,3.13E-19
LIHC,A03_Cancer_associated_fibroblast_TIDE,0.413586037,9.21E-17,9.21E-17
LUAD,A03_Cancer_associated_fibroblast_TIDE,0.626620107,3.36E-57,3.36E-57
LUSC,A03_Cancer_associated_fibroblast_TIDE,0.628097542,2.45E-56,2.45E-56
MESO,A03_Cancer_associated_fibroblast_TIDE,0.656574051,6.71E-12,6.71E-12
OV,A03_Cancer_associated_fibroblast_TIDE,0.714032164,1.87E-42,1.87E-42
PAAD,A03_Cancer_associated_fibroblast_TIDE,0.681955567,1.48E-25,1.48E-25
PCPG,A03_Cancer_associated_fibroblast_TIDE,0.597524993,1.05E-18,1.05E-18
PRAD,A03_Cancer_associated_fibroblast_TIDE,0.685983251,4.33E-70,4.33E-70
READ,A03_Cancer_associated_fibroblast_TIDE,0.753470575,1.70E-31,1.70E-31
SARC,A03_Cancer_associated_fibroblast_TIDE,0.561953173,5.82E-23,5.82E-23
SKCM,A03_Cancer_associated_fibroblast_TIDE,0.46754912,8.58E-27,8.58E-27
STAD,A03_Cancer_associated_fibroblast_TIDE,0.729906469,1.93E-63,1.93E-63
TGCT,A03_Cancer_associated_fibroblast_TIDE,0.767917755,2.62E-27,2.62E-27
THCA,A03_Cancer_associated_fibroblast_TIDE,0.552986275,3.15E-41,3.15E-41
THYM,A03_Cancer_associated_fibroblast_TIDE,0.623787224,3.51E-14,3.51E-14
UCEC,A03_Cancer_associated_fibroblast_TIDE,0.45835855,1.46E-29,1.46E-29
UCS,A03_Cancer_associated_fibroblast_TIDE,0.584970136,2.20E-06,2.20E-06
UVM,A03_Cancer_associated_fibroblast_TIDE,0.403931762,0.000202669,0.000202669
ACC,A03_Cancer_associated_fibroblast_XCELL,0.478350775,8.24E-06,8.24E-06
BLCA,A03_Cancer_associated_fibroblast_XCELL,0.651957816,9.70E-51,9.70E-51
BRCA,A03_Cancer_associated_fibroblast_XCELL,0.601993412,2.38E-108,2.38E-108
CESC,A03_Cancer_associated_fibroblast_XCELL,0.496043355,2.75E-20,2.75E-20
CHOL,A03_Cancer_associated_fibroblast_XCELL,0.414090042,0.012049155,0.012049155
COAD,A03_Cancer_associated_fibroblast_XCELL,0.380045661,4.76E-17,4.76E-17
ESCA,A03_Cancer_associated_fibroblast_XCELL,0.636983839,1.05E-19,1.05E-19
GBM,A03_Cancer_associated_fibroblast_XCELL,0.613426646,1.05E-17,1.05E-17
HNSC,A03_Cancer_associated_fibroblast_XCELL,0.568947628,3.17E-44,3.17E-44
KICH,A03_Cancer_associated_fibroblast_XCELL,0.596175579,1.61E-07,1.61E-07
KIRC,A03_Cancer_associated_fibroblast_XCELL,0.485013555,1.27E-32,1.27E-32
KIRP,A03_Cancer_associated_fibroblast_XCELL,0.576806711,6.12E-27,6.12E-27
LGG,A03_Cancer_associated_fibroblast_XCELL,0.348703736,5.00E-16,5.00E-16
LIHC,A03_Cancer_associated_fibroblast_XCELL,0.595226501,6.20E-37,6.20E-37
LUAD,A03_Cancer_associated_fibroblast_XCELL,0.487549406,6.29E-32,6.29E-32
LUSC,A03_Cancer_associated_fibroblast_XCELL,0.520632788,3.76E-36,3.76E-36
MESO,A03_Cancer_associated_fibroblast_XCELL,0.315136536,0.003122759,0.003122759
OV,A03_Cancer_associated_fibroblast_XCELL,0.463623909,1.79E-15,1.79E-15
PAAD,A03_Cancer_associated_fibroblast_XCELL,0.511063595,3.64E-13,3.64E-13
PCPG,A03_Cancer_associated_fibroblast_XCELL,0.486111197,5.27E-12,5.27E-12
PRAD,A03_Cancer_associated_fibroblast_XCELL,0.562492275,1.21E-42,1.21E-42
READ,A03_Cancer_associated_fibroblast_XCELL,0.526469146,3.79E-13,3.79E-13
SARC,A03_Cancer_associated_fibroblast_XCELL,0.144576616,0.019926514,0.019926514
SKCM,A03_Cancer_associated_fibroblast_XCELL,0.392871415,1.01E-18,1.01E-18
STAD,A03_Cancer_associated_fibroblast_XCELL,0.634388243,1.65E-43,1.65E-43
TGCT,A03_Cancer_associated_fibroblast_XCELL,0.783190745,5.07E-29,5.07E-29
THCA,A03_Cancer_associated_fibroblast_XCELL,0.362055738,7.18E-17,7.18E-17
THYM,A03_Cancer_associated_fibroblast_XCELL,0.678379025,2.33E-17,2.33E-17
UCEC,A03_Cancer_associated_fibroblast_XCELL,0.57582274,2.82E-49,2.82E-49
UCS,A03_Cancer_associated_fibroblast_XCELL,0.30865627,0.020640128,0.020640128
UVM,A03_Cancer_associated_fibroblast_XCELL,0.328672408,0.002914305,0.002914305
