cancer,infiltrates,rho,p,adj.p
ACC,A04_Endothelial_cell_EPIC,0.45626237,2.38E-05,2.38E-05
BLCA,A04_Endothelial_cell_EPIC,0.282448344,6.39E-09,6.39E-09
BRCA,A04_Endothelial_cell_EPIC,0.359921794,1.19E-34,1.19E-34
CESC,A04_Endothelial_cell_EPIC,0.443850149,4.17E-16,4.17E-16
CHOL,A04_Endothelial_cell_EPIC,0.304707183,0.070767917,0.070767917
COAD,A04_Endothelial_cell_EPIC,0.439816263,6.72E-23,6.72E-23
ESCA,A04_Endothelial_cell_EPIC,0.142838896,0.070671806,0.070671806
GBM,A04_Endothelial_cell_EPIC,0.079278268,0.322096316,0.322096316
HNSC,A04_Endothelial_cell_EPIC,0.317446884,3.61E-13,3.61E-13
KICH,A04_Endothelial_cell_EPIC,0.186702793,0.136443125,0.136443125
KIRC,A04_Endothelial_cell_EPIC,0.220916295,2.78E-07,2.78E-07
KIRP,A04_Endothelial_cell_EPIC,0.353079896,7.02E-10,7.02E-10
LGG,A04_Endothelial_cell_EPIC,0.449316258,1.04E-26,1.04E-26
LIHC,A04_Endothelial_cell_EPIC,-0.029414791,0.572223943,0.572223943
LUAD,A04_Endothelial_cell_EPIC,0.216034459,8.03E-07,8.03E-07
LUSC,A04_Endothelial_cell_EPIC,0.285655917,7.31E-11,7.31E-11
MESO,A04_Endothelial_cell_EPIC,0.065780231,0.547342826,0.547342826
OV,A04_Endothelial_cell_EPIC,0.1252413,0.042023569,0.042023569
PAAD,A04_Endothelial_cell_EPIC,0.193774072,0.009758471,0.009758471
PCPG,A04_Endothelial_cell_EPIC,0.537592601,8.54E-15,8.54E-15
PRAD,A04_Endothelial_cell_EPIC,0.548968133,2.64E-40,2.64E-40
READ,A04_Endothelial_cell_EPIC,0.38237007,4.02E-07,4.02E-07
SARC,A04_Endothelial_cell_EPIC,-0.016609255,0.790219126,0.790219126
SKCM,A04_Endothelial_cell_EPIC,0.440624116,1.19E-23,1.19E-23
STAD,A04_Endothelial_cell_EPIC,0.408384003,1.82E-16,1.82E-16
TGCT,A04_Endothelial_cell_EPIC,0.503106107,5.82E-10,5.82E-10
THCA,A04_Endothelial_cell_EPIC,-0.24926103,1.72E-08,1.72E-08
THYM,A04_Endothelial_cell_EPIC,0.577354413,6.27E-12,6.27E-12
UCEC,A04_Endothelial_cell_EPIC,0.459633686,9.77E-30,9.77E-30
UCS,A04_Endothelial_cell_EPIC,0.44171055,0.000654394,0.000654394
UVM,A04_Endothelial_cell_EPIC,0.375858055,0.000590892,0.000590892
ACC,A04_Endothelial_cell_MCPCOUNTER,0.483735219,6.30E-06,6.30E-06
BLCA,A04_Endothelial_cell_MCPCOUNTER,0.291761955,1.90E-09,1.90E-09
BRCA,A04_Endothelial_cell_MCPCOUNTER,0.479382904,1.17E-63,1.17E-63
CESC,A04_Endothelial_cell_MCPCOUNTER,0.471313674,3.23E-18,3.23E-18
CHOL,A04_Endothelial_cell_MCPCOUNTER,0.526280411,0.000977432,0.000977432
COAD,A04_Endothelial_cell_MCPCOUNTER,0.551907034,1.50E-37,1.50E-37
ESCA,A04_Endothelial_cell_MCPCOUNTER,0.27377178,0.000441265,0.000441265
GBM,A04_Endothelial_cell_MCPCOUNTER,0.17036844,0.032341393,0.032341393
HNSC,A04_Endothelial_cell_MCPCOUNTER,0.533521084,3.98E-38,3.98E-38
KICH,A04_Endothelial_cell_MCPCOUNTER,0.236368914,0.058006538,0.058006538
KIRC,A04_Endothelial_cell_MCPCOUNTER,0.232458353,6.19E-08,6.19E-08
KIRP,A04_Endothelial_cell_MCPCOUNTER,0.354561489,5.89E-10,5.89E-10
LGG,A04_Endothelial_cell_MCPCOUNTER,0.40189966,3.21E-21,3.21E-21
LIHC,A04_Endothelial_cell_MCPCOUNTER,0.54295559,7.84E-30,7.84E-30
LUAD,A04_Endothelial_cell_MCPCOUNTER,0.241418392,3.18E-08,3.18E-08
LUSC,A04_Endothelial_cell_MCPCOUNTER,0.391480696,8.50E-20,8.50E-20
MESO,A04_Endothelial_cell_MCPCOUNTER,0.312556321,0.003390757,0.003390757
OV,A04_Endothelial_cell_MCPCOUNTER,0.312757949,2.12E-07,2.12E-07
PAAD,A04_Endothelial_cell_MCPCOUNTER,0.3646742,6.03E-07,6.03E-07
PCPG,A04_Endothelial_cell_MCPCOUNTER,0.598915218,8.33E-19,8.33E-19
PRAD,A04_Endothelial_cell_MCPCOUNTER,0.555229993,2.25E-41,2.25E-41
READ,A04_Endothelial_cell_MCPCOUNTER,0.51302646,1.85E-12,1.85E-12
SARC,A04_Endothelial_cell_MCPCOUNTER,0.251332464,4.29E-05,4.29E-05
SKCM,A04_Endothelial_cell_MCPCOUNTER,0.466815083,1.05E-26,1.05E-26
STAD,A04_Endothelial_cell_MCPCOUNTER,0.461470321,4.02E-21,4.02E-21
TGCT,A04_Endothelial_cell_MCPCOUNTER,0.683300751,9.37E-20,9.37E-20
THCA,A04_Endothelial_cell_MCPCOUNTER,-0.355766941,2.64E-16,2.64E-16
THYM,A04_Endothelial_cell_MCPCOUNTER,0.501207483,6.41E-09,6.41E-09
UCEC,A04_Endothelial_cell_MCPCOUNTER,0.503154408,3.46E-36,3.46E-36
UCS,A04_Endothelial_cell_MCPCOUNTER,0.576323703,3.35E-06,3.35E-06
UVM,A04_Endothelial_cell_MCPCOUNTER,0.372158022,0.000675663,0.000675663
ACC,A04_Endothelial_cell_XCELL,0.464572278,1.61E-05,1.61E-05
BLCA,A04_Endothelial_cell_XCELL,0.296498005,1.01E-09,1.01E-09
BRCA,A04_Endothelial_cell_XCELL,0.406978321,1.07E-44,1.07E-44
CESC,A04_Endothelial_cell_XCELL,0.395503667,7.98E-13,7.98E-13
CHOL,A04_Endothelial_cell_XCELL,0.186168356,0.276980472,0.276980472
COAD,A04_Endothelial_cell_XCELL,0.392117417,3.89E-18,3.89E-18
ESCA,A04_Endothelial_cell_XCELL,0.203257581,0.009709506,0.009709506
GBM,A04_Endothelial_cell_XCELL,0.271261208,0.000565806,0.000565806
HNSC,A04_Endothelial_cell_XCELL,0.504294736,1.30E-33,1.30E-33
KICH,A04_Endothelial_cell_XCELL,0.224434483,0.072280935,0.072280935
KIRC,A04_Endothelial_cell_XCELL,0.317575849,6.96E-14,6.96E-14
KIRP,A04_Endothelial_cell_XCELL,0.474787043,1.34E-17,1.34E-17
LGG,A04_Endothelial_cell_XCELL,0.459804337,4.81E-28,4.81E-28
LIHC,A04_Endothelial_cell_XCELL,0.450218477,6.45E-20,6.45E-20
LUAD,A04_Endothelial_cell_XCELL,0.303907302,2.11E-12,2.11E-12
LUSC,A04_Endothelial_cell_XCELL,0.366128238,2.44E-17,2.44E-17
MESO,A04_Endothelial_cell_XCELL,0.433491825,3.06E-05,3.06E-05
OV,A04_Endothelial_cell_XCELL,0.230147926,0.000161631,0.000161631
PAAD,A04_Endothelial_cell_XCELL,0.158909783,0.034633219,0.034633219
PCPG,A04_Endothelial_cell_XCELL,0.635478702,1.23E-21,1.23E-21
PRAD,A04_Endothelial_cell_XCELL,0.405763801,4.83E-21,4.83E-21
READ,A04_Endothelial_cell_XCELL,0.332073596,1.32E-05,1.32E-05
SARC,A04_Endothelial_cell_XCELL,0.384160184,1.56E-10,1.56E-10
SKCM,A04_Endothelial_cell_XCELL,0.487545592,2.58E-29,2.58E-29
STAD,A04_Endothelial_cell_XCELL,0.440574939,3.43E-19,3.43E-19
TGCT,A04_Endothelial_cell_XCELL,0.734269503,5.85E-24,5.85E-24
THCA,A04_Endothelial_cell_XCELL,-0.228946908,2.40E-07,2.40E-07
THYM,A04_Endothelial_cell_XCELL,0.492905145,1.24E-08,1.24E-08
UCEC,A04_Endothelial_cell_XCELL,0.442390139,2.00E-27,2.00E-27
UCS,A04_Endothelial_cell_XCELL,0.439325122,0.000705409,0.000705409
UVM,A04_Endothelial_cell_XCELL,0.154227736,0.171960204,0.171960204
