cancer,infiltrates,rho,p,adj.p
ACC,A16_T_cell_follicular_helper_CIBERSORT,-0.098777025,0.386448345,0.386448345
BLCA,A16_T_cell_follicular_helper_CIBERSORT,-0.355019524,1.46E-13,1.46E-13
BRCA,A16_T_cell_follicular_helper_CIBERSORT,-0.234782802,4.20E-15,4.20E-15
CESC,A16_T_cell_follicular_helper_CIBERSORT,-0.286930557,3.59E-07,3.59E-07
CHOL,A16_T_cell_follicular_helper_CIBERSORT,0.022260787,0.897463047,0.897463047
COAD,A16_T_cell_follicular_helper_CIBERSORT,-0.214331967,4.07E-06,4.07E-06
ESCA,A16_T_cell_follicular_helper_CIBERSORT,-0.316283027,4.36E-05,4.36E-05
GBM,A16_T_cell_follicular_helper_CIBERSORT,-0.124360178,0.11951304,0.11951304
HNSC,A16_T_cell_follicular_helper_CIBERSORT,-0.411652494,7.17E-22,7.17E-22
KICH,A16_T_cell_follicular_helper_CIBERSORT,-0.195101393,0.11936477,0.11936477
KIRC,A16_T_cell_follicular_helper_CIBERSORT,-0.157008452,0.000284961,0.000284961
KIRP,A16_T_cell_follicular_helper_CIBERSORT,0.084129411,0.154434887,0.154434887
LGG,A16_T_cell_follicular_helper_CIBERSORT,-0.168213546,0.000135246,0.000135246
LIHC,A16_T_cell_follicular_helper_CIBERSORT,-0.207299344,5.74E-05,5.74E-05
LUAD,A16_T_cell_follicular_helper_CIBERSORT,-0.295602299,8.76E-12,8.76E-12
LUSC,A16_T_cell_follicular_helper_CIBERSORT,-0.452925742,1.04E-26,1.04E-26
MESO,A16_T_cell_follicular_helper_CIBERSORT,0.059667863,0.585253881,0.585253881
OV,A16_T_cell_follicular_helper_CIBERSORT,-0.313967942,1.89E-07,1.89E-07
PAAD,A16_T_cell_follicular_helper_CIBERSORT,-0.067308877,0.373384451,0.373384451
PCPG,A16_T_cell_follicular_helper_CIBERSORT,-0.115934533,0.122238027,0.122238027
PRAD,A16_T_cell_follicular_helper_CIBERSORT,-0.322306964,1.99E-13,1.99E-13
READ,A16_T_cell_follicular_helper_CIBERSORT,-0.346609358,5.10E-06,5.10E-06
SARC,A16_T_cell_follicular_helper_CIBERSORT,-0.0968647,0.119944108,0.119944108
SKCM,A16_T_cell_follicular_helper_CIBERSORT,-0.281130102,5.99E-10,5.99E-10
STAD,A16_T_cell_follicular_helper_CIBERSORT,-0.245014169,1.62E-06,1.62E-06
TGCT,A16_T_cell_follicular_helper_CIBERSORT,-0.285630012,0.000821623,0.000821623
THCA,A16_T_cell_follicular_helper_CIBERSORT,-0.115065983,0.010173059,0.010173059
THYM,A16_T_cell_follicular_helper_CIBERSORT,-0.357234826,6.66E-05,6.66E-05
UCEC,A16_T_cell_follicular_helper_CIBERSORT,-0.108034642,0.011767619,0.011767619
UCS,A16_T_cell_follicular_helper_CIBERSORT,0.034993531,0.797920154,0.797920154
UVM,A16_T_cell_follicular_helper_CIBERSORT,0.159598123,0.157331217,0.157331217
