cancer,infiltrates,rho,p,adj.p
ACC,A17_T_cell_gamma_delta_CIBERSORT,9.53E-05,0.999334784,0.999334784
BLCA,A17_T_cell_gamma_delta_CIBERSORT,0.116205917,0.018874378,0.018874378
BRCA,A17_T_cell_gamma_delta_CIBERSORT,0.079780401,0.008440314,0.008440314
CESC,A17_T_cell_gamma_delta_CIBERSORT,0.085095451,0.138802869,0.138802869
CHOL,A17_T_cell_gamma_delta_CIBERSORT,0.351939169,0.035292847,0.035292847
COAD,A17_T_cell_gamma_delta_CIBERSORT,0.014375625,0.760003066,0.760003066
ESCA,A17_T_cell_gamma_delta_CIBERSORT,-0.056313803,0.477990819,0.477990819
GBM,A17_T_cell_gamma_delta_CIBERSORT,0.143700673,0.071654397,0.071654397
HNSC,A17_T_cell_gamma_delta_CIBERSORT,-0.038807485,0.386536199,0.386536199
KICH,A17_T_cell_gamma_delta_CIBERSORT,-0.128117262,0.309119466,0.309119466
KIRC,A17_T_cell_gamma_delta_CIBERSORT,-0.081084499,0.062129503,0.062129503
KIRP,A17_T_cell_gamma_delta_CIBERSORT,0.049022129,0.407209949,0.407209949
LGG,A17_T_cell_gamma_delta_CIBERSORT,0.051590872,0.244828815,0.244828815
LIHC,A17_T_cell_gamma_delta_CIBERSORT,-0.06752224,0.194403227,0.194403227
LUAD,A17_T_cell_gamma_delta_CIBERSORT,0.00503672,0.909483435,0.909483435
LUSC,A17_T_cell_gamma_delta_CIBERSORT,-0.001309206,0.976680515,0.976680515
MESO,A17_T_cell_gamma_delta_CIBERSORT,0.074014461,0.498236034,0.498236034
OV,A17_T_cell_gamma_delta_CIBERSORT,-0.072701026,0.239113697,0.239113697
PAAD,A17_T_cell_gamma_delta_CIBERSORT,0.048197934,0.52408645,0.52408645
PCPG,A17_T_cell_gamma_delta_CIBERSORT,0.014134904,0.85103608,0.85103608
PRAD,A17_T_cell_gamma_delta_CIBERSORT,0.100697137,0.025064771,0.025064771
READ,A17_T_cell_gamma_delta_CIBERSORT,-0.058876925,0.452538174,0.452538174
SARC,A17_T_cell_gamma_delta_CIBERSORT,0.007849977,0.899950184,0.899950184
SKCM,A17_T_cell_gamma_delta_CIBERSORT,-0.041673779,0.368374917,0.368374917
STAD,A17_T_cell_gamma_delta_CIBERSORT,0.0474213,0.360438923,0.360438923
TGCT,A17_T_cell_gamma_delta_CIBERSORT,-0.175275159,0.042799905,0.042799905
THCA,A17_T_cell_gamma_delta_CIBERSORT,-0.004233826,0.924914792,0.924914792
THYM,A17_T_cell_gamma_delta_CIBERSORT,0.209357882,0.022306756,0.022306756
UCEC,A17_T_cell_gamma_delta_CIBERSORT,0.064270093,0.134721344,0.134721344
UCS,A17_T_cell_gamma_delta_CIBERSORT,0.189518629,0.161826439,0.161826439
UVM,A17_T_cell_gamma_delta_CIBERSORT,0.099269717,0.380982269,0.380982269
ACC,A17_T_cell_gamma_delta_XCELL,-0.117164846,0.303793665,0.303793665
BLCA,A17_T_cell_gamma_delta_XCELL,-0.053214368,0.283567481,0.283567481
BRCA,A17_T_cell_gamma_delta_XCELL,-0.094760737,0.001744735,0.001744735
CESC,A17_T_cell_gamma_delta_XCELL,-0.067277086,0.242198561,0.242198561
CHOL,A17_T_cell_gamma_delta_XCELL,-0.147926858,0.389244344,0.389244344
COAD,A17_T_cell_gamma_delta_XCELL,-0.022323629,0.635212152,0.635212152
ESCA,A17_T_cell_gamma_delta_XCELL,-0.025645507,0.746753843,0.746753843
GBM,A17_T_cell_gamma_delta_XCELL,0.038272569,0.633053256,0.633053256
HNSC,A17_T_cell_gamma_delta_XCELL,-0.123717485,0.005603349,0.005603349
KICH,A17_T_cell_gamma_delta_XCELL,-0.027480113,0.827979286,0.827979286
KIRC,A17_T_cell_gamma_delta_XCELL,-0.063878732,0.141934019,0.141934019
KIRP,A17_T_cell_gamma_delta_XCELL,-0.047829594,0.418729156,0.418729156
LGG,A17_T_cell_gamma_delta_XCELL,-0.069488915,0.117038733,0.117038733
LIHC,A17_T_cell_gamma_delta_XCELL,0.092594391,0.07486279,0.07486279
LUAD,A17_T_cell_gamma_delta_XCELL,-0.046465875,0.293994143,0.293994143
LUSC,A17_T_cell_gamma_delta_XCELL,0.004381031,0.922078189,0.922078189
MESO,A17_T_cell_gamma_delta_XCELL,0.022823913,0.834768178,0.834768178
OV,A17_T_cell_gamma_delta_XCELL,-0.032292054,0.601440378,0.601440378
PAAD,A17_T_cell_gamma_delta_XCELL,-0.226683931,0.002412847,0.002412847
PCPG,A17_T_cell_gamma_delta_XCELL,-0.173739363,0.020023515,0.020023515
PRAD,A17_T_cell_gamma_delta_XCELL,-0.156528177,0.000473536,0.000473536
READ,A17_T_cell_gamma_delta_XCELL,0.09188076,0.240498445,0.240498445
SARC,A17_T_cell_gamma_delta_XCELL,0.074204041,0.234020444,0.234020444
SKCM,A17_T_cell_gamma_delta_XCELL,0.050809669,0.272663084,0.272663084
STAD,A17_T_cell_gamma_delta_XCELL,-0.094932501,0.06666804,0.06666804
TGCT,A17_T_cell_gamma_delta_XCELL,-0.148424787,0.086981853,0.086981853
THCA,A17_T_cell_gamma_delta_XCELL,0.015886197,0.723603872,0.723603872
THYM,A17_T_cell_gamma_delta_XCELL,-0.612516273,1.34E-13,1.34E-13
UCEC,A17_T_cell_gamma_delta_XCELL,-0.119078788,0.005464181,0.005464181
UCS,A17_T_cell_gamma_delta_XCELL,-0.182207686,0.178933387,0.178933387
UVM,A17_T_cell_gamma_delta_XCELL,0.237803807,0.03366354,0.03366354
