cancer,infiltrates,rho,p,adj.p
ACC,A19_T_cell_regulatory_(Tregs)_CIBERSORT,-0.166061606,0.143566366,0.143566366
BLCA,A19_T_cell_regulatory_(Tregs)_CIBERSORT,-0.215036941,1.18E-05,1.18E-05
BRCA,A19_T_cell_regulatory_(Tregs)_CIBERSORT,-0.06432712,0.033791107,0.033791107
CESC,A19_T_cell_regulatory_(Tregs)_CIBERSORT,-0.171993853,0.002621826,0.002621826
CHOL,A19_T_cell_regulatory_(Tregs)_CIBERSORT,0.06905723,0.689010066,0.689010066
COAD,A19_T_cell_regulatory_(Tregs)_CIBERSORT,-0.189940789,4.64E-05,4.64E-05
ESCA,A19_T_cell_regulatory_(Tregs)_CIBERSORT,-0.344551287,7.62E-06,7.62E-06
GBM,A19_T_cell_regulatory_(Tregs)_CIBERSORT,0.185339862,0.019731004,0.019731004
HNSC,A19_T_cell_regulatory_(Tregs)_CIBERSORT,-0.098915858,0.026986269,0.026986269
KICH,A19_T_cell_regulatory_(Tregs)_CIBERSORT,0.136801362,0.277193328,0.277193328
KIRC,A19_T_cell_regulatory_(Tregs)_CIBERSORT,-0.044078315,0.311129209,0.311129209
KIRP,A19_T_cell_regulatory_(Tregs)_CIBERSORT,0.056140621,0.342445969,0.342445969
LGG,A19_T_cell_regulatory_(Tregs)_CIBERSORT,0.085582041,0.053419134,0.053419134
LIHC,A19_T_cell_regulatory_(Tregs)_CIBERSORT,-0.018056737,0.728852826,0.728852826
LUAD,A19_T_cell_regulatory_(Tregs)_CIBERSORT,-0.018201695,0.681157046,0.681157046
LUSC,A19_T_cell_regulatory_(Tregs)_CIBERSORT,0.030562238,0.494906298,0.494906298
MESO,A19_T_cell_regulatory_(Tregs)_CIBERSORT,-0.182206925,0.093136655,0.093136655
OV,A19_T_cell_regulatory_(Tregs)_CIBERSORT,0.007679323,0.901169601,0.901169601
PAAD,A19_T_cell_regulatory_(Tregs)_CIBERSORT,0.017908264,0.812978874,0.812978874
PCPG,A19_T_cell_regulatory_(Tregs)_CIBERSORT,0.083995187,0.263617068,0.263617068
PRAD,A19_T_cell_regulatory_(Tregs)_CIBERSORT,-0.058413291,0.194481194,0.194481194
READ,A19_T_cell_regulatory_(Tregs)_CIBERSORT,-0.125282082,0.108853658,0.108853658
SARC,A19_T_cell_regulatory_(Tregs)_CIBERSORT,-0.091073811,0.14383881,0.14383881
SKCM,A19_T_cell_regulatory_(Tregs)_CIBERSORT,0.051505615,0.266140184,0.266140184
STAD,A19_T_cell_regulatory_(Tregs)_CIBERSORT,-0.149163653,0.003837456,0.003837456
TGCT,A19_T_cell_regulatory_(Tregs)_CIBERSORT,0.080357176,0.356017348,0.356017348
THCA,A19_T_cell_regulatory_(Tregs)_CIBERSORT,0.285465345,8.59E-11,8.59E-11
THYM,A19_T_cell_regulatory_(Tregs)_CIBERSORT,-0.39815876,7.31E-06,7.31E-06
UCEC,A19_T_cell_regulatory_(Tregs)_CIBERSORT,-0.092752713,0.030692505,0.030692505
UCS,A19_T_cell_regulatory_(Tregs)_CIBERSORT,-0.225149309,0.095244459,0.095244459
UVM,A19_T_cell_regulatory_(Tregs)_CIBERSORT,-0.057992445,0.609374176,0.609374176
ACC,A19_T_cell_regulatory_(Tregs)_QUANTISEQ,-0.061967048,0.587461672,0.587461672
BLCA,A19_T_cell_regulatory_(Tregs)_QUANTISEQ,0.422516667,4.27E-19,4.27E-19
BRCA,A19_T_cell_regulatory_(Tregs)_QUANTISEQ,0.09002911,0.002943392,0.002943392
CESC,A19_T_cell_regulatory_(Tregs)_QUANTISEQ,0.251155928,9.33E-06,9.33E-06
CHOL,A19_T_cell_regulatory_(Tregs)_QUANTISEQ,0.349830474,0.036482859,0.036482859
COAD,A19_T_cell_regulatory_(Tregs)_QUANTISEQ,0.34142378,7.39E-14,7.39E-14
ESCA,A19_T_cell_regulatory_(Tregs)_QUANTISEQ,0.1940215,0.013657185,0.013657185
GBM,A19_T_cell_regulatory_(Tregs)_QUANTISEQ,0.244043843,0.002000986,0.002000986
HNSC,A19_T_cell_regulatory_(Tregs)_QUANTISEQ,0.230487859,1.88E-07,1.88E-07
KICH,A19_T_cell_regulatory_(Tregs)_QUANTISEQ,0.485930401,4.07E-05,4.07E-05
KIRC,A19_T_cell_regulatory_(Tregs)_QUANTISEQ,0.335075013,2.26E-15,2.26E-15
KIRP,A19_T_cell_regulatory_(Tregs)_QUANTISEQ,0.369460875,9.60E-11,9.60E-11
LGG,A19_T_cell_regulatory_(Tregs)_QUANTISEQ,0.021971294,0.620583228,0.620583228
LIHC,A19_T_cell_regulatory_(Tregs)_QUANTISEQ,0.197846979,0.000125092,0.000125092
LUAD,A19_T_cell_regulatory_(Tregs)_QUANTISEQ,0.222588333,3.61E-07,3.61E-07
LUSC,A19_T_cell_regulatory_(Tregs)_QUANTISEQ,0.45394267,7.74E-27,7.74E-27
MESO,A19_T_cell_regulatory_(Tregs)_QUANTISEQ,-0.003459284,0.974782478,0.974782478
OV,A19_T_cell_regulatory_(Tregs)_QUANTISEQ,0.012100808,0.844853564,0.844853564
PAAD,A19_T_cell_regulatory_(Tregs)_QUANTISEQ,0.101527685,0.178739918,0.178739918
PCPG,A19_T_cell_regulatory_(Tregs)_QUANTISEQ,0.306175173,3.07E-05,3.07E-05
PRAD,A19_T_cell_regulatory_(Tregs)_QUANTISEQ,0.299421807,1.04E-11,1.04E-11
READ,A19_T_cell_regulatory_(Tregs)_QUANTISEQ,0.351203216,3.74E-06,3.74E-06
SARC,A19_T_cell_regulatory_(Tregs)_QUANTISEQ,-0.044581057,0.475011346,0.475011346
SKCM,A19_T_cell_regulatory_(Tregs)_QUANTISEQ,0.224018483,9.80E-07,9.80E-07
STAD,A19_T_cell_regulatory_(Tregs)_QUANTISEQ,0.120246266,0.020012473,0.020012473
TGCT,A19_T_cell_regulatory_(Tregs)_QUANTISEQ,0.205336916,0.017308049,0.017308049
THCA,A19_T_cell_regulatory_(Tregs)_QUANTISEQ,0.402175144,8.76E-21,8.76E-21
THYM,A19_T_cell_regulatory_(Tregs)_QUANTISEQ,0.231057137,0.011463594,0.011463594
UCEC,A19_T_cell_regulatory_(Tregs)_QUANTISEQ,0.1067438,0.012818781,0.012818781
UCS,A19_T_cell_regulatory_(Tregs)_QUANTISEQ,0.105907178,0.43724724,0.43724724
UVM,A19_T_cell_regulatory_(Tregs)_QUANTISEQ,0.157310006,0.163446732,0.163446732
ACC,A19_T_cell_regulatory_(Tregs)_XCELL,0.092764834,0.416146271,0.416146271
BLCA,A19_T_cell_regulatory_(Tregs)_XCELL,0.105798788,0.032640822,0.032640822
BRCA,A19_T_cell_regulatory_(Tregs)_XCELL,-0.011651822,0.700917999,0.700917999
CESC,A19_T_cell_regulatory_(Tregs)_XCELL,0.071705709,0.212512424,0.212512424
CHOL,A19_T_cell_regulatory_(Tregs)_XCELL,-0.080130496,0.642244019,0.642244019
COAD,A19_T_cell_regulatory_(Tregs)_XCELL,0.020698305,0.660041546,0.660041546
ESCA,A19_T_cell_regulatory_(Tregs)_XCELL,0.023309881,0.769136533,0.769136533
GBM,A19_T_cell_regulatory_(Tregs)_XCELL,0.246662614,0.001782273,0.001782273
HNSC,A19_T_cell_regulatory_(Tregs)_XCELL,0.110100884,0.013767944,0.013767944
KICH,A19_T_cell_regulatory_(Tregs)_XCELL,0.090232234,0.474720113,0.474720113
KIRC,A19_T_cell_regulatory_(Tregs)_XCELL,-0.101335583,0.01962603,0.01962603
KIRP,A19_T_cell_regulatory_(Tregs)_XCELL,-0.021353118,0.718219337,0.718219337
LGG,A19_T_cell_regulatory_(Tregs)_XCELL,-0.039740892,0.370451815,0.370451815
LIHC,A19_T_cell_regulatory_(Tregs)_XCELL,-0.06010025,0.248192705,0.248192705
LUAD,A19_T_cell_regulatory_(Tregs)_XCELL,0.096411836,0.029161061,0.029161061
LUSC,A19_T_cell_regulatory_(Tregs)_XCELL,0.148669665,0.000844041,0.000844041
MESO,A19_T_cell_regulatory_(Tregs)_XCELL,-0.146769132,0.177504271,0.177504271
OV,A19_T_cell_regulatory_(Tregs)_XCELL,0.05408965,0.381397942,0.381397942
PAAD,A19_T_cell_regulatory_(Tregs)_XCELL,0.153920815,0.040807553,0.040807553
PCPG,A19_T_cell_regulatory_(Tregs)_XCELL,-0.221213119,0.002921755,0.002921755
PRAD,A19_T_cell_regulatory_(Tregs)_XCELL,0.077283141,0.08585793,0.08585793
READ,A19_T_cell_regulatory_(Tregs)_XCELL,0.126702558,0.104869006,0.104869006
SARC,A19_T_cell_regulatory_(Tregs)_XCELL,0.049613645,0.426564815,0.426564815
SKCM,A19_T_cell_regulatory_(Tregs)_XCELL,-0.099005297,0.032246002,0.032246002
STAD,A19_T_cell_regulatory_(Tregs)_XCELL,-0.023887443,0.645171353,0.645171353
TGCT,A19_T_cell_regulatory_(Tregs)_XCELL,-0.348573017,3.67E-05,3.67E-05
THCA,A19_T_cell_regulatory_(Tregs)_XCELL,0.273667743,5.27E-10,5.27E-10
THYM,A19_T_cell_regulatory_(Tregs)_XCELL,0.150968458,0.101234956,0.101234956
UCEC,A19_T_cell_regulatory_(Tregs)_XCELL,-0.059792664,0.164121005,0.164121005
UCS,A19_T_cell_regulatory_(Tregs)_XCELL,0.159410362,0.240581407,0.240581407
UVM,A19_T_cell_regulatory_(Tregs)_XCELL,-0.134023072,0.235927174,0.235927174
