cancer,infiltrates,rho,p,adj.p
ACC,A12_NK_cell_activated_CIBERSORT,-0.251575148,0.025318376,0.025318376
BLCA,A12_NK_cell_activated_CIBERSORT,-0.024617888,0.620030935,0.620030935
BRCA,A12_NK_cell_activated_CIBERSORT,-0.173508782,8.26E-09,8.26E-09
CESC,A12_NK_cell_activated_CIBERSORT,-0.172590753,0.002531785,0.002531785
CHOL,A12_NK_cell_activated_CIBERSORT,-0.163389009,0.341018033,0.341018033
COAD,A12_NK_cell_activated_CIBERSORT,-0.113350103,0.015678456,0.015678456
ESCA,A12_NK_cell_activated_CIBERSORT,0.134697043,0.088461615,0.088461615
GBM,A12_NK_cell_activated_CIBERSORT,-0.181378629,0.022563703,0.022563703
HNSC,A12_NK_cell_activated_CIBERSORT,-0.216177534,1.06E-06,1.06E-06
KICH,A12_NK_cell_activated_CIBERSORT,-0.25702683,0.038746197,0.038746197
KIRC,A12_NK_cell_activated_CIBERSORT,-0.18286995,2.28E-05,2.28E-05
KIRP,A12_NK_cell_activated_CIBERSORT,-0.095946954,0.10417462,0.10417462
LGG,A12_NK_cell_activated_CIBERSORT,0.058401723,0.187910883,0.187910883
LIHC,A12_NK_cell_activated_CIBERSORT,-0.072985721,0.16063711,0.16063711
LUAD,A12_NK_cell_activated_CIBERSORT,-0.144042255,0.001081582,0.001081582
LUSC,A12_NK_cell_activated_CIBERSORT,-0.272420473,5.65E-10,5.65E-10
MESO,A12_NK_cell_activated_CIBERSORT,-0.229336895,0.033665188,0.033665188
OV,A12_NK_cell_activated_CIBERSORT,-0.153710687,0.012400773,0.012400773
PAAD,A12_NK_cell_activated_CIBERSORT,-0.312600892,2.27E-05,2.27E-05
PCPG,A12_NK_cell_activated_CIBERSORT,-0.275612884,0.000188311,0.000188311
PRAD,A12_NK_cell_activated_CIBERSORT,-0.00792462,0.860397121,0.860397121
READ,A12_NK_cell_activated_CIBERSORT,-0.167256876,0.03177181,0.03177181
SARC,A12_NK_cell_activated_CIBERSORT,-0.243187652,7.67E-05,7.67E-05
SKCM,A12_NK_cell_activated_CIBERSORT,-0.081066093,0.079787188,0.079787188
STAD,A12_NK_cell_activated_CIBERSORT,0.07915473,0.126499152,0.126499152
TGCT,A12_NK_cell_activated_CIBERSORT,-0.091673658,0.29212221,0.29212221
THCA,A12_NK_cell_activated_CIBERSORT,-0.097600117,0.029423605,0.029423605
THYM,A12_NK_cell_activated_CIBERSORT,0.307991718,0.000655478,0.000655478
UCEC,A12_NK_cell_activated_CIBERSORT,-0.030051636,0.48466569,0.48466569
UCS,A12_NK_cell_activated_CIBERSORT,-0.223091237,0.098389851,0.098389851
UVM,A12_NK_cell_activated_CIBERSORT,0.371606062,0.000689219,0.000689219
ACC,A12_NK_cell_EPIC,0.107771422,0.344463651,0.344463651
BLCA,A12_NK_cell_EPIC,0.160457855,0.001144979,0.001144979
BRCA,A12_NK_cell_EPIC,-0.005984199,0.843629136,0.843629136
CESC,A12_NK_cell_EPIC,0.013844932,0.810011107,0.810011107
CHOL,A12_NK_cell_EPIC,0.119813496,0.486413785,0.486413785
COAD,A12_NK_cell_EPIC,0.05742384,0.222017729,0.222017729
ESCA,A12_NK_cell_EPIC,0.18069436,0.021801738,0.021801738
GBM,A12_NK_cell_EPIC,0.038560484,0.630496545,0.630496545
HNSC,A12_NK_cell_EPIC,-0.012407441,0.781968182,0.781968182
KICH,A12_NK_cell_EPIC,-0.013625378,0.914213993,0.914213993
KIRC,A12_NK_cell_EPIC,0.064609922,0.137418679,0.137418679
KIRP,A12_NK_cell_EPIC,0.129449497,0.028054257,0.028054257
LGG,A12_NK_cell_EPIC,0.101223286,0.022242017,0.022242017
LIHC,A12_NK_cell_EPIC,-0.083882001,0.106728588,0.106728588
LUAD,A12_NK_cell_EPIC,0.081751115,0.064545915,0.064545915
LUSC,A12_NK_cell_EPIC,0.060340249,0.177512773,0.177512773
MESO,A12_NK_cell_EPIC,-0.220078965,0.041740317,0.041740317
OV,A12_NK_cell_EPIC,0.068835068,0.265085044,0.265085044
PAAD,A12_NK_cell_EPIC,0.148387244,0.048712149,0.048712149
PCPG,A12_NK_cell_EPIC,0.269852447,0.0002591,0.0002591
PRAD,A12_NK_cell_EPIC,-0.050149631,0.265434161,0.265434161
READ,A12_NK_cell_EPIC,0.05336562,0.496018435,0.496018435
SARC,A12_NK_cell_EPIC,0.116432945,0.06132899,0.06132899
SKCM,A12_NK_cell_EPIC,0.044164369,0.340422095,0.340422095
STAD,A12_NK_cell_EPIC,0.128454728,0.012911951,0.012911951
TGCT,A12_NK_cell_EPIC,0.055577154,0.52359217,0.52359217
THCA,A12_NK_cell_EPIC,0.149915757,0.000790542,0.000790542
THYM,A12_NK_cell_EPIC,0.074957312,0.417826708,0.417826708
UCEC,A12_NK_cell_EPIC,0.014798721,0.73079418,0.73079418
UCS,A12_NK_cell_EPIC,-0.328629579,0.013402998,0.013402998
UVM,A12_NK_cell_EPIC,0.085944978,0.448438445,0.448438445
ACC,A12_NK_cell_MCPCOUNTER,0.110395615,0.332773593,0.332773593
BLCA,A12_NK_cell_MCPCOUNTER,0.156899335,0.00147682,0.00147682
BRCA,A12_NK_cell_MCPCOUNTER,-0.068532306,0.023720384,0.023720384
CESC,A12_NK_cell_MCPCOUNTER,-0.067689231,0.239319229,0.239319229
CHOL,A12_NK_cell_MCPCOUNTER,-0.10776978,0.53156114,0.53156114
COAD,A12_NK_cell_MCPCOUNTER,0.029584936,0.529496874,0.529496874
ESCA,A12_NK_cell_MCPCOUNTER,-0.015431485,0.845949212,0.845949212
GBM,A12_NK_cell_MCPCOUNTER,-0.006094633,0.939418501,0.939418501
HNSC,A12_NK_cell_MCPCOUNTER,-0.070848037,0.11359618,0.11359618
KICH,A12_NK_cell_MCPCOUNTER,0.02846675,0.821902496,0.821902496
KIRC,A12_NK_cell_MCPCOUNTER,0.059089185,0.174365205,0.174365205
KIRP,A12_NK_cell_MCPCOUNTER,0.151044993,0.010260793,0.010260793
LGG,A12_NK_cell_MCPCOUNTER,-0.032493862,0.46404194,0.46404194
LIHC,A12_NK_cell_MCPCOUNTER,0.098688066,0.057552628,0.057552628
LUAD,A12_NK_cell_MCPCOUNTER,-0.013484263,0.760836773,0.760836773
LUSC,A12_NK_cell_MCPCOUNTER,0.082422351,0.065271922,0.065271922
MESO,A12_NK_cell_MCPCOUNTER,-0.3230189,0.002417487,0.002417487
OV,A12_NK_cell_MCPCOUNTER,0.143142889,0.019978316,0.019978316
PAAD,A12_NK_cell_MCPCOUNTER,0.202414525,0.006894516,0.006894516
PCPG,A12_NK_cell_MCPCOUNTER,0.151697829,0.042651506,0.042651506
PRAD,A12_NK_cell_MCPCOUNTER,0.057244817,0.203572299,0.203572299
READ,A12_NK_cell_MCPCOUNTER,-0.036814441,0.638745017,0.638745017
SARC,A12_NK_cell_MCPCOUNTER,-0.035676476,0.567617844,0.567617844
SKCM,A12_NK_cell_MCPCOUNTER,-0.003090438,0.946838235,0.946838235
STAD,A12_NK_cell_MCPCOUNTER,0.000255733,0.996067172,0.996067172
TGCT,A12_NK_cell_MCPCOUNTER,-0.283603761,0.000898095,0.000898095
THCA,A12_NK_cell_MCPCOUNTER,0.059318958,0.186303317,0.186303317
THYM,A12_NK_cell_MCPCOUNTER,0.339222571,0.000160678,0.000160678
UCEC,A12_NK_cell_MCPCOUNTER,0.028538219,0.506939608,0.506939608
UCS,A12_NK_cell_MCPCOUNTER,0.092079919,0.499702623,0.499702623
UVM,A12_NK_cell_MCPCOUNTER,0.291005576,0.008823794,0.008823794
ACC,A12_NK_cell_QUANTISEQ,0.14501377,0.202267281,0.202267281
BLCA,A12_NK_cell_QUANTISEQ,-0.039750619,0.423261182,0.423261182
BRCA,A12_NK_cell_QUANTISEQ,-0.069782675,0.021279323,0.021279323
CESC,A12_NK_cell_QUANTISEQ,0.049446333,0.390285204,0.390285204
CHOL,A12_NK_cell_QUANTISEQ,-0.125841137,0.464586912,0.464586912
COAD,A12_NK_cell_QUANTISEQ,-0.110403173,0.018617467,0.018617467
ESCA,A12_NK_cell_QUANTISEQ,0.125886025,0.111563383,0.111563383
GBM,A12_NK_cell_QUANTISEQ,-0.228636382,0.003858928,0.003858928
HNSC,A12_NK_cell_QUANTISEQ,0.035289418,0.43106786,0.43106786
KICH,A12_NK_cell_QUANTISEQ,-0.012179797,0.923286385,0.923286385
KIRC,A12_NK_cell_QUANTISEQ,-0.125484393,0.003809841,0.003809841
KIRP,A12_NK_cell_QUANTISEQ,-0.241971597,3.32E-05,3.32E-05
LGG,A12_NK_cell_QUANTISEQ,-0.244675282,2.18E-08,2.18E-08
LIHC,A12_NK_cell_QUANTISEQ,-0.056026377,0.28177153,0.28177153
LUAD,A12_NK_cell_QUANTISEQ,-0.0731613,0.098204407,0.098204407
LUSC,A12_NK_cell_QUANTISEQ,-0.101024682,0.023735845,0.023735845
MESO,A12_NK_cell_QUANTISEQ,-0.159122312,0.143361216,0.143361216
OV,A12_NK_cell_QUANTISEQ,-0.100946834,0.101715752,0.101715752
PAAD,A12_NK_cell_QUANTISEQ,-0.368726486,4.42E-07,4.42E-07
PCPG,A12_NK_cell_QUANTISEQ,-0.048212283,0.521593998,0.521593998
PRAD,A12_NK_cell_QUANTISEQ,-0.209324782,2.63E-06,2.63E-06
READ,A12_NK_cell_QUANTISEQ,-0.034769375,0.657505751,0.657505751
SARC,A12_NK_cell_QUANTISEQ,-0.217135501,0.000432121,0.000432121
SKCM,A12_NK_cell_QUANTISEQ,0.127361251,0.005795703,0.005795703
STAD,A12_NK_cell_QUANTISEQ,0.019662259,0.704677622,0.704677622
TGCT,A12_NK_cell_QUANTISEQ,0.582552822,1.54E-13,1.54E-13
THCA,A12_NK_cell_QUANTISEQ,0.238466546,7.20E-08,7.20E-08
THYM,A12_NK_cell_QUANTISEQ,0.103377289,0.263221088,0.263221088
UCEC,A12_NK_cell_QUANTISEQ,-0.047528943,0.268895714,0.268895714
UCS,A12_NK_cell_QUANTISEQ,-0.119200216,0.381563293,0.381563293
UVM,A12_NK_cell_QUANTISEQ,0.226813569,0.043052141,0.043052141
ACC,A12_NK_cell_resting_CIBERSORT,-0.027472361,0.81007212,0.81007212
BLCA,A12_NK_cell_resting_CIBERSORT,-0.249292067,3.38E-07,3.38E-07
BRCA,A12_NK_cell_resting_CIBERSORT,-0.163167024,6.14E-08,6.14E-08
CESC,A12_NK_cell_resting_CIBERSORT,-0.168063382,0.003291168,0.003291168
CHOL,A12_NK_cell_resting_CIBERSORT,-0.215591304,0.206657827,0.206657827
COAD,A12_NK_cell_resting_CIBERSORT,-0.13567955,0.003774752,0.003774752
ESCA,A12_NK_cell_resting_CIBERSORT,-0.145632691,0.065283285,0.065283285
GBM,A12_NK_cell_resting_CIBERSORT,0.103074227,0.197477785,0.197477785
HNSC,A12_NK_cell_resting_CIBERSORT,-0.046622086,0.298127114,0.298127114
KICH,A12_NK_cell_resting_CIBERSORT,-0.301103029,0.014796498,0.014796498
KIRC,A12_NK_cell_resting_CIBERSORT,-0.065815753,0.13021463,0.13021463
KIRP,A12_NK_cell_resting_CIBERSORT,-0.031237717,0.597537502,0.597537502
LGG,A12_NK_cell_resting_CIBERSORT,0.035670092,0.421499028,0.421499028
LIHC,A12_NK_cell_resting_CIBERSORT,-0.156058971,0.002576125,0.002576125
LUAD,A12_NK_cell_resting_CIBERSORT,-0.038166864,0.388786154,0.388786154
LUSC,A12_NK_cell_resting_CIBERSORT,-0.047983095,0.283746177,0.283746177
MESO,A12_NK_cell_resting_CIBERSORT,-0.097748373,0.370592951,0.370592951
OV,A12_NK_cell_resting_CIBERSORT,-0.084349816,0.171796109,0.171796109
PAAD,A12_NK_cell_resting_CIBERSORT,-0.260843746,0.000453841,0.000453841
PCPG,A12_NK_cell_resting_CIBERSORT,0.050870381,0.498869737,0.498869737
PRAD,A12_NK_cell_resting_CIBERSORT,-0.150255707,0.000797721,0.000797721
READ,A12_NK_cell_resting_CIBERSORT,-0.18958448,0.014731895,0.014731895
SARC,A12_NK_cell_resting_CIBERSORT,-0.04913218,0.431071972,0.431071972
SKCM,A12_NK_cell_resting_CIBERSORT,-0.08536588,0.065011779,0.065011779
STAD,A12_NK_cell_resting_CIBERSORT,-0.125347507,0.015284588,0.015284588
TGCT,A12_NK_cell_resting_CIBERSORT,0.04481424,0.607139659,0.607139659
THCA,A12_NK_cell_resting_CIBERSORT,-0.284901331,9.38E-11,9.38E-11
THYM,A12_NK_cell_resting_CIBERSORT,-0.05333072,0.5645889,0.5645889
UCEC,A12_NK_cell_resting_CIBERSORT,-0.070802704,0.099324573,0.099324573
UCS,A12_NK_cell_resting_CIBERSORT,0.040997573,0.764173904,0.764173904
UVM,A12_NK_cell_resting_CIBERSORT,-0.315016886,0.004425863,0.004425863
ACC,A12_NK_cell_XCELL,0.111013305,0.330058904,0.330058904
BLCA,A12_NK_cell_XCELL,-0.061632703,0.214132762,0.214132762
BRCA,A12_NK_cell_XCELL,-0.144725361,1.62E-06,1.62E-06
CESC,A12_NK_cell_XCELL,-0.094132067,0.101395302,0.101395302
CHOL,A12_NK_cell_XCELL,0.071256182,0.679625499,0.679625499
COAD,A12_NK_cell_XCELL,-0.05864216,0.212348549,0.212348549
ESCA,A12_NK_cell_XCELL,0.038691259,0.626049813,0.626049813
GBM,A12_NK_cell_XCELL,-0.058752906,0.463386273,0.463386273
HNSC,A12_NK_cell_XCELL,-0.052567823,0.24066686,0.24066686
KICH,A12_NK_cell_XCELL,-0.037136326,0.768991307,0.768991307
KIRC,A12_NK_cell_XCELL,-0.093047302,0.032217614,0.032217614
KIRP,A12_NK_cell_XCELL,-0.131064874,0.026136719,0.026136719
LGG,A12_NK_cell_XCELL,-0.16035969,0.000276794,0.000276794
LIHC,A12_NK_cell_XCELL,0.0196449,0.706064353,0.706064353
LUAD,A12_NK_cell_XCELL,0.020494058,0.643620451,0.643620451
LUSC,A12_NK_cell_XCELL,-0.076976437,0.085211518,0.085211518
MESO,A12_NK_cell_XCELL,-0.142215518,0.191483209,0.191483209
OV,A12_NK_cell_XCELL,-0.042400188,0.4927377,0.4927377
PAAD,A12_NK_cell_XCELL,-0.181622161,0.015547752,0.015547752
PCPG,A12_NK_cell_XCELL,-0.044657364,0.552789534,0.552789534
PRAD,A12_NK_cell_XCELL,-0.14869915,0.000905186,0.000905186
READ,A12_NK_cell_XCELL,-0.143265491,0.066391705,0.066391705
SARC,A12_NK_cell_XCELL,-0.029558177,0.635859083,0.635859083
SKCM,A12_NK_cell_XCELL,0.044782535,0.333699717,0.333699717
STAD,A12_NK_cell_XCELL,0.057527912,0.267114525,0.267114525
TGCT,A12_NK_cell_XCELL,-0.342076575,5.22E-05,5.22E-05
THCA,A12_NK_cell_XCELL,-0.058301813,0.193980379,0.193980379
THYM,A12_NK_cell_XCELL,0.076695524,0.40708158,0.40708158
UCEC,A12_NK_cell_XCELL,-0.050992513,0.235511938,0.235511938
UCS,A12_NK_cell_XCELL,-0.339417077,0.01049308,0.01049308
UVM,A12_NK_cell_XCELL,0.115358849,0.308217893,0.308217893
