cancer,infiltrates,rho,p,adj.p
ACC,A10_Myeloid_dendritic_cell_activated_CIBERSORT,-0.222280892,0.048965544,0.048965544
BLCA,A10_Myeloid_dendritic_cell_activated_CIBERSORT,-0.392694848,1.71E-16,1.71E-16
BRCA,A10_Myeloid_dendritic_cell_activated_CIBERSORT,-0.17824923,3.16E-09,3.16E-09
CESC,A10_Myeloid_dendritic_cell_activated_CIBERSORT,-0.137690743,0.016293104,0.016293104
CHOL,A10_Myeloid_dendritic_cell_activated_CIBERSORT,-0.178912342,0.296465566,0.296465566
COAD,A10_Myeloid_dendritic_cell_activated_CIBERSORT,-0.133930859,0.004253482,0.004253482
ESCA,A10_Myeloid_dendritic_cell_activated_CIBERSORT,-0.174291059,0.027020136,0.027020136
GBM,A10_Myeloid_dendritic_cell_activated_CIBERSORT,-0.005284397,0.947459934,0.947459934
HNSC,A10_Myeloid_dendritic_cell_activated_CIBERSORT,-0.23448988,1.13E-07,1.13E-07
KICH,A10_Myeloid_dendritic_cell_activated_CIBERSORT,-0.190266947,0.128983551,0.128983551
KIRC,A10_Myeloid_dendritic_cell_activated_CIBERSORT,-0.09468613,0.029287825,0.029287825
KIRP,A10_Myeloid_dendritic_cell_activated_CIBERSORT,0.054685854,0.355118964,0.355118964
LGG,A10_Myeloid_dendritic_cell_activated_CIBERSORT,0.030977564,0.485162909,0.485162909
LIHC,A10_Myeloid_dendritic_cell_activated_CIBERSORT,-0.055003026,0.290667647,0.290667647
LUAD,A10_Myeloid_dendritic_cell_activated_CIBERSORT,-0.106088824,0.01633117,0.01633117
LUSC,A10_Myeloid_dendritic_cell_activated_CIBERSORT,-0.209753041,2.18E-06,2.18E-06
MESO,A10_Myeloid_dendritic_cell_activated_CIBERSORT,-0.350388816,0.00094188,0.00094188
OV,A10_Myeloid_dendritic_cell_activated_CIBERSORT,-0.277481138,4.71E-06,4.71E-06
PAAD,A10_Myeloid_dendritic_cell_activated_CIBERSORT,-0.032556699,0.667061869,0.667061869
PCPG,A10_Myeloid_dendritic_cell_activated_CIBERSORT,-0.254671642,0.000581056,0.000581056
PRAD,A10_Myeloid_dendritic_cell_activated_CIBERSORT,-0.047171347,0.294903126,0.294903126
READ,A10_Myeloid_dendritic_cell_activated_CIBERSORT,0.00933417,0.90528275,0.90528275
SARC,A10_Myeloid_dendritic_cell_activated_CIBERSORT,-0.07068069,0.257040413,0.257040413
SKCM,A10_Myeloid_dendritic_cell_activated_CIBERSORT,-0.013261839,0.774768756,0.774768756
STAD,A10_Myeloid_dendritic_cell_activated_CIBERSORT,-0.110279657,0.033000681,0.033000681
TGCT,A10_Myeloid_dendritic_cell_activated_CIBERSORT,-0.067141008,0.440824147,0.440824147
THCA,A10_Myeloid_dendritic_cell_activated_CIBERSORT,0.15771886,0.000410979,0.000410979
THYM,A10_Myeloid_dendritic_cell_activated_CIBERSORT,0.025175894,0.785790584,0.785790584
UCEC,A10_Myeloid_dendritic_cell_activated_CIBERSORT,-0.039367925,0.359873314,0.359873314
UCS,A10_Myeloid_dendritic_cell_activated_CIBERSORT,-0.0974818,0.474770439,0.474770439
UVM,A10_Myeloid_dendritic_cell_activated_CIBERSORT,0,1,1
ACC,A10_Myeloid_dendritic_cell_activated_XCELL,0.109783932,0.335475764,0.335475764
BLCA,A10_Myeloid_dendritic_cell_activated_XCELL,0.583868908,1.19E-38,1.19E-38
BRCA,A10_Myeloid_dendritic_cell_activated_XCELL,0.114261414,0.000157663,0.000157663
CESC,A10_Myeloid_dendritic_cell_activated_XCELL,0.181374575,0.00149462,0.00149462
CHOL,A10_Myeloid_dendritic_cell_activated_XCELL,0.179183131,0.29572305,0.29572305
COAD,A10_Myeloid_dendritic_cell_activated_XCELL,0.41742406,1.44E-20,1.44E-20
ESCA,A10_Myeloid_dendritic_cell_activated_XCELL,0.426068129,1.75E-08,1.75E-08
GBM,A10_Myeloid_dendritic_cell_activated_XCELL,-0.206537001,0.009223674,0.009223674
HNSC,A10_Myeloid_dendritic_cell_activated_XCELL,0.222656325,4.92E-07,4.92E-07
KICH,A10_Myeloid_dendritic_cell_activated_XCELL,0.529343901,5.80E-06,5.80E-06
KIRC,A10_Myeloid_dendritic_cell_activated_XCELL,0.272419902,1.80E-10,1.80E-10
KIRP,A10_Myeloid_dendritic_cell_activated_XCELL,0.544555614,1.23E-23,1.23E-23
LGG,A10_Myeloid_dendritic_cell_activated_XCELL,0.450650873,7.08E-27,7.08E-27
LIHC,A10_Myeloid_dendritic_cell_activated_XCELL,0.445864131,1.60E-19,1.60E-19
LUAD,A10_Myeloid_dendritic_cell_activated_XCELL,0.351776199,2.33E-16,2.33E-16
LUSC,A10_Myeloid_dendritic_cell_activated_XCELL,0.430745526,4.75E-24,4.75E-24
MESO,A10_Myeloid_dendritic_cell_activated_XCELL,-0.104058671,0.34035138,0.34035138
OV,A10_Myeloid_dendritic_cell_activated_XCELL,0.325780649,6.07E-08,6.07E-08
PAAD,A10_Myeloid_dendritic_cell_activated_XCELL,0.381229225,1.65E-07,1.65E-07
PCPG,A10_Myeloid_dendritic_cell_activated_XCELL,0.390632985,6.44E-08,6.44E-08
PRAD,A10_Myeloid_dendritic_cell_activated_XCELL,0.403388335,8.56E-21,8.56E-21
READ,A10_Myeloid_dendritic_cell_activated_XCELL,0.498588437,9.41E-12,9.41E-12
SARC,A10_Myeloid_dendritic_cell_activated_XCELL,0.295887241,1.25E-06,1.25E-06
SKCM,A10_Myeloid_dendritic_cell_activated_XCELL,0.212721003,3.44E-06,3.44E-06
STAD,A10_Myeloid_dendritic_cell_activated_XCELL,0.382933617,1.65E-14,1.65E-14
TGCT,A10_Myeloid_dendritic_cell_activated_XCELL,-0.237041281,0.005821657,0.005821657
THCA,A10_Myeloid_dendritic_cell_activated_XCELL,0.626338786,1.29E-55,1.29E-55
THYM,A10_Myeloid_dendritic_cell_activated_XCELL,0.0958744,0.299634119,0.299634119
UCEC,A10_Myeloid_dendritic_cell_activated_XCELL,0.170592613,6.46E-05,6.46E-05
UCS,A10_Myeloid_dendritic_cell_activated_XCELL,0.049461587,0.717344461,0.717344461
UVM,A10_Myeloid_dendritic_cell_activated_XCELL,0.373231089,0.000650003,0.000650003
ACC,A10_Myeloid_dendritic_cell_MCPCOUNTER,0.165704509,0.144441619,0.144441619
BLCA,A10_Myeloid_dendritic_cell_MCPCOUNTER,0.374878464,4.63E-15,4.63E-15
BRCA,A10_Myeloid_dendritic_cell_MCPCOUNTER,0.211323708,1.85E-12,1.85E-12
CESC,A10_Myeloid_dendritic_cell_MCPCOUNTER,0.124894951,0.029467253,0.029467253
CHOL,A10_Myeloid_dendritic_cell_MCPCOUNTER,0.206156234,0.227704271,0.227704271
COAD,A10_Myeloid_dendritic_cell_MCPCOUNTER,0.452996752,2.35E-24,2.35E-24
ESCA,A10_Myeloid_dendritic_cell_MCPCOUNTER,0.393339528,2.45E-07,2.45E-07
GBM,A10_Myeloid_dendritic_cell_MCPCOUNTER,0.376489633,1.09E-06,1.09E-06
HNSC,A10_Myeloid_dendritic_cell_MCPCOUNTER,0.181253339,4.57E-05,4.57E-05
KICH,A10_Myeloid_dendritic_cell_MCPCOUNTER,0.670369967,1.01E-09,1.01E-09
KIRC,A10_Myeloid_dendritic_cell_MCPCOUNTER,0.208199119,1.33E-06,1.33E-06
KIRP,A10_Myeloid_dendritic_cell_MCPCOUNTER,0.43194997,1.61E-14,1.61E-14
LGG,A10_Myeloid_dendritic_cell_MCPCOUNTER,0.435192024,5.55E-25,5.55E-25
LIHC,A10_Myeloid_dendritic_cell_MCPCOUNTER,0.395386673,2.48E-15,2.48E-15
LUAD,A10_Myeloid_dendritic_cell_MCPCOUNTER,0.165146184,0.000174381,0.000174381
LUSC,A10_Myeloid_dendritic_cell_MCPCOUNTER,0.278753863,2.15E-10,2.15E-10
MESO,A10_Myeloid_dendritic_cell_MCPCOUNTER,-0.155851258,0.151878382,0.151878382
OV,A10_Myeloid_dendritic_cell_MCPCOUNTER,0.300152859,6.74E-07,6.74E-07
PAAD,A10_Myeloid_dendritic_cell_MCPCOUNTER,0.321943542,1.24E-05,1.24E-05
PCPG,A10_Myeloid_dendritic_cell_MCPCOUNTER,0.256713342,0.0005227,0.0005227
PRAD,A10_Myeloid_dendritic_cell_MCPCOUNTER,0.463636007,9.48E-28,9.48E-28
READ,A10_Myeloid_dendritic_cell_MCPCOUNTER,0.493750284,1.60E-11,1.60E-11
SARC,A10_Myeloid_dendritic_cell_MCPCOUNTER,0.052143803,0.403332313,0.403332313
SKCM,A10_Myeloid_dendritic_cell_MCPCOUNTER,0.191190954,3.13E-05,3.13E-05
STAD,A10_Myeloid_dendritic_cell_MCPCOUNTER,0.429631969,3.13E-18,3.13E-18
TGCT,A10_Myeloid_dendritic_cell_MCPCOUNTER,0.014179834,0.870822508,0.870822508
THCA,A10_Myeloid_dendritic_cell_MCPCOUNTER,0.361839671,7.51E-17,7.51E-17
THYM,A10_Myeloid_dendritic_cell_MCPCOUNTER,-0.485951533,2.11E-08,2.11E-08
UCEC,A10_Myeloid_dendritic_cell_MCPCOUNTER,0.123164079,0.004048591,0.004048591
UCS,A10_Myeloid_dendritic_cell_MCPCOUNTER,0.357614784,0.006811852,0.006811852
UVM,A10_Myeloid_dendritic_cell_MCPCOUNTER,0.223018498,0.046760394,0.046760394
ACC,A10_Myeloid_dendritic_cell_QUANTISEQ,0.038724791,0.734734462,0.734734462
BLCA,A10_Myeloid_dendritic_cell_QUANTISEQ,-0.159691046,0.00121006,0.00121006
BRCA,A10_Myeloid_dendritic_cell_QUANTISEQ,0.008289109,0.784675542,0.784675542
CESC,A10_Myeloid_dendritic_cell_QUANTISEQ,0.032373139,0.573934085,0.573934085
CHOL,A10_Myeloid_dendritic_cell_QUANTISEQ,-0.264867726,0.118488279,0.118488279
COAD,A10_Myeloid_dendritic_cell_QUANTISEQ,0.059145963,0.208440028,0.208440028
ESCA,A10_Myeloid_dendritic_cell_QUANTISEQ,-0.036057964,0.649751791,0.649751791
GBM,A10_Myeloid_dendritic_cell_QUANTISEQ,-0.003999812,0.96021974,0.96021974
HNSC,A10_Myeloid_dendritic_cell_QUANTISEQ,-0.027784595,0.535358443,0.535358443
KICH,A10_Myeloid_dendritic_cell_QUANTISEQ,0.23990545,0.054246507,0.054246507
KIRC,A10_Myeloid_dendritic_cell_QUANTISEQ,0.283252202,3.09E-11,3.09E-11
KIRP,A10_Myeloid_dendritic_cell_QUANTISEQ,0.006236654,0.916074078,0.916074078
LGG,A10_Myeloid_dendritic_cell_QUANTISEQ,0.292931995,1.50E-11,1.50E-11
LIHC,A10_Myeloid_dendritic_cell_QUANTISEQ,0.267360093,1.72E-07,1.72E-07
LUAD,A10_Myeloid_dendritic_cell_QUANTISEQ,-0.071941732,0.103953007,0.103953007
LUSC,A10_Myeloid_dendritic_cell_QUANTISEQ,-0.071205676,0.111420951,0.111420951
MESO,A10_Myeloid_dendritic_cell_QUANTISEQ,-0.053750655,0.623055448,0.623055448
OV,A10_Myeloid_dendritic_cell_QUANTISEQ,-0.096474352,0.117880027,0.117880027
PAAD,A10_Myeloid_dendritic_cell_QUANTISEQ,-0.383236161,1.40E-07,1.40E-07
PCPG,A10_Myeloid_dendritic_cell_QUANTISEQ,0.125722765,0.093555731,0.093555731
PRAD,A10_Myeloid_dendritic_cell_QUANTISEQ,0.156050963,0.000493045,0.000493045
READ,A10_Myeloid_dendritic_cell_QUANTISEQ,-0.133150335,0.088204777,0.088204777
SARC,A10_Myeloid_dendritic_cell_QUANTISEQ,-0.055281469,0.37559303,0.37559303
SKCM,A10_Myeloid_dendritic_cell_QUANTISEQ,0.08961233,0.052705504,0.052705504
STAD,A10_Myeloid_dendritic_cell_QUANTISEQ,0.021302797,0.681333563,0.681333563
TGCT,A10_Myeloid_dendritic_cell_QUANTISEQ,-0.208034635,0.015862447,0.015862447
THCA,A10_Myeloid_dendritic_cell_QUANTISEQ,-0.276481379,3.45E-10,3.45E-10
THYM,A10_Myeloid_dendritic_cell_QUANTISEQ,0.22881149,0.012314855,0.012314855
UCEC,A10_Myeloid_dendritic_cell_QUANTISEQ,0.209203764,8.73E-07,8.73E-07
UCS,A10_Myeloid_dendritic_cell_QUANTISEQ,0.28495906,0.033279592,0.033279592
UVM,A10_Myeloid_dendritic_cell_QUANTISEQ,0.01606844,0.887500513,0.887500513
ACC,A10_Myeloid_dendritic_cell_resting_CIBERSORT,-0.132133441,0.245720708,0.245720708
BLCA,A10_Myeloid_dendritic_cell_resting_CIBERSORT,-0.034797274,0.483348988,0.483348988
BRCA,A10_Myeloid_dendritic_cell_resting_CIBERSORT,0.052665338,0.082357906,0.082357906
CESC,A10_Myeloid_dendritic_cell_resting_CIBERSORT,0.091757541,0.11034899,0.11034899
CHOL,A10_Myeloid_dendritic_cell_resting_CIBERSORT,0.021110718,0.902734632,0.902734632
COAD,A10_Myeloid_dendritic_cell_resting_CIBERSORT,0.047806297,0.30944131,0.30944131
ESCA,A10_Myeloid_dendritic_cell_resting_CIBERSORT,0.271673071,0.000490144,0.000490144
GBM,A10_Myeloid_dendritic_cell_resting_CIBERSORT,0.028222829,0.724831724,0.724831724
HNSC,A10_Myeloid_dendritic_cell_resting_CIBERSORT,-0.025629295,0.567492702,0.567492702
KICH,A10_Myeloid_dendritic_cell_resting_CIBERSORT,0.028985503,0.8187116,0.8187116
KIRC,A10_Myeloid_dendritic_cell_resting_CIBERSORT,-0.110774318,0.010709004,0.010709004
KIRP,A10_Myeloid_dendritic_cell_resting_CIBERSORT,0.039111317,0.508543392,0.508543392
LGG,A10_Myeloid_dendritic_cell_resting_CIBERSORT,-0.049254458,0.266884047,0.266884047
LIHC,A10_Myeloid_dendritic_cell_resting_CIBERSORT,0.060103304,0.248168626,0.248168626
LUAD,A10_Myeloid_dendritic_cell_resting_CIBERSORT,0.110739621,0.012164256,0.012164256
LUSC,A10_Myeloid_dendritic_cell_resting_CIBERSORT,0.019135838,0.669170114,0.669170114
MESO,A10_Myeloid_dendritic_cell_resting_CIBERSORT,0.042801666,0.695577354,0.695577354
OV,A10_Myeloid_dendritic_cell_resting_CIBERSORT,0.216150518,0.000404283,0.000404283
PAAD,A10_Myeloid_dendritic_cell_resting_CIBERSORT,0.118769076,0.115371329,0.115371329
PCPG,A10_Myeloid_dendritic_cell_resting_CIBERSORT,0.061831552,0.410939535,0.410939535
PRAD,A10_Myeloid_dendritic_cell_resting_CIBERSORT,0.136491571,0.002339813,0.002339813
READ,A10_Myeloid_dendritic_cell_resting_CIBERSORT,0.133320372,0.087795772,0.087795772
SARC,A10_Myeloid_dendritic_cell_resting_CIBERSORT,0.0271631,0.6634793,0.6634793
SKCM,A10_Myeloid_dendritic_cell_resting_CIBERSORT,0.035727189,0.440661552,0.440661552
STAD,A10_Myeloid_dendritic_cell_resting_CIBERSORT,0.055243155,0.286609258,0.286609258
TGCT,A10_Myeloid_dendritic_cell_resting_CIBERSORT,0.022066033,0.800213696,0.800213696
THCA,A10_Myeloid_dendritic_cell_resting_CIBERSORT,0.452039252,1.89E-26,1.89E-26
THYM,A10_Myeloid_dendritic_cell_resting_CIBERSORT,-0.149117758,0.1055386,0.1055386
UCEC,A10_Myeloid_dendritic_cell_resting_CIBERSORT,-0.048872695,0.255578343,0.255578343
UCS,A10_Myeloid_dendritic_cell_resting_CIBERSORT,-0.312600411,0.018994216,0.018994216
UVM,A10_Myeloid_dendritic_cell_resting_CIBERSORT,-0.05446555,0.631338304,0.631338304
ACC,A10_Myeloid_dendritic_cell_TIMER,0.111135837,0.329522065,0.329522065
BLCA,A10_Myeloid_dendritic_cell_TIMER,0.507272043,4.58E-28,4.58E-28
BRCA,A10_Myeloid_dendritic_cell_TIMER,0.265722283,4.68E-19,4.68E-19
CESC,A10_Myeloid_dendritic_cell_TIMER,0.188402634,0.000963445,0.000963445
CHOL,A10_Myeloid_dendritic_cell_TIMER,0.407133234,0.013724145,0.013724145
COAD,A10_Myeloid_dendritic_cell_TIMER,0.518164152,1.48E-32,1.48E-32
ESCA,A10_Myeloid_dendritic_cell_TIMER,0.360867242,2.57E-06,2.57E-06
GBM,A10_Myeloid_dendritic_cell_TIMER,0.452401893,2.41E-09,2.41E-09
HNSC,A10_Myeloid_dendritic_cell_TIMER,0.322964375,1.33E-13,1.33E-13
KICH,A10_Myeloid_dendritic_cell_TIMER,0.688269603,2.37E-10,2.37E-10
KIRC,A10_Myeloid_dendritic_cell_TIMER,0.279525567,5.72E-11,5.72E-11
KIRP,A10_Myeloid_dendritic_cell_TIMER,0.542893172,1.78E-23,1.78E-23
LGG,A10_Myeloid_dendritic_cell_TIMER,0.547988649,2.61E-41,2.61E-41
LIHC,A10_Myeloid_dendritic_cell_TIMER,0.444875172,1.97E-19,1.97E-19
LUAD,A10_Myeloid_dendritic_cell_TIMER,0.403113171,1.99E-21,1.99E-21
LUSC,A10_Myeloid_dendritic_cell_TIMER,0.521949364,2.35E-36,2.35E-36
MESO,A10_Myeloid_dendritic_cell_TIMER,0.184153752,0.089634082,0.089634082
OV,A10_Myeloid_dendritic_cell_TIMER,0.367678212,7.14E-10,7.14E-10
PAAD,A10_Myeloid_dendritic_cell_TIMER,0.572048109,9.02E-17,9.02E-17
PCPG,A10_Myeloid_dendritic_cell_TIMER,0.606040958,2.50E-19,2.50E-19
PRAD,A10_Myeloid_dendritic_cell_TIMER,0.545219875,1.12E-39,1.12E-39
READ,A10_Myeloid_dendritic_cell_TIMER,0.541124223,6.20E-14,6.20E-14
SARC,A10_Myeloid_dendritic_cell_TIMER,0.255663677,3.13E-05,3.13E-05
SKCM,A10_Myeloid_dendritic_cell_TIMER,0.301088575,2.91E-11,2.91E-11
STAD,A10_Myeloid_dendritic_cell_TIMER,0.380711082,2.40E-14,2.40E-14
TGCT,A10_Myeloid_dendritic_cell_TIMER,-0.089895546,0.301622564,0.301622564
THCA,A10_Myeloid_dendritic_cell_TIMER,0.607890968,1.22E-51,1.22E-51
THYM,A10_Myeloid_dendritic_cell_TIMER,-0.399373277,6.82E-06,6.82E-06
UCEC,A10_Myeloid_dendritic_cell_TIMER,0.192496207,6.25E-06,6.25E-06
UCS,A10_Myeloid_dendritic_cell_TIMER,0.117441397,0.388677863,0.388677863
UVM,A10_Myeloid_dendritic_cell_TIMER,-0.133599133,0.237425911,0.237425911
ACC,A10_Myeloid_dendritic_cell_XCELL,0.330152437,0.002963626,0.002963626
BLCA,A10_Myeloid_dendritic_cell_XCELL,0.450354296,9.03E-22,9.03E-22
BRCA,A10_Myeloid_dendritic_cell_XCELL,0.034994892,0.248558155,0.248558155
CESC,A10_Myeloid_dendritic_cell_XCELL,0.12179351,0.033778787,0.033778787
CHOL,A10_Myeloid_dendritic_cell_XCELL,0.074882386,0.664253405,0.664253405
COAD,A10_Myeloid_dendritic_cell_XCELL,0.396145611,1.65E-18,1.65E-18
ESCA,A10_Myeloid_dendritic_cell_XCELL,0.418099186,3.42E-08,3.42E-08
GBM,A10_Myeloid_dendritic_cell_XCELL,0.319004463,4.40E-05,4.40E-05
HNSC,A10_Myeloid_dendritic_cell_XCELL,0.269916823,8.54E-10,8.54E-10
KICH,A10_Myeloid_dendritic_cell_XCELL,0.503596597,1.90E-05,1.90E-05
KIRC,A10_Myeloid_dendritic_cell_XCELL,0.284437847,2.54E-11,2.54E-11
KIRP,A10_Myeloid_dendritic_cell_XCELL,0.344474185,1.91E-09,1.91E-09
LGG,A10_Myeloid_dendritic_cell_XCELL,0.300407734,4.26E-12,4.26E-12
LIHC,A10_Myeloid_dendritic_cell_XCELL,0.27401954,8.18E-08,8.18E-08
LUAD,A10_Myeloid_dendritic_cell_XCELL,0.312482382,4.64E-13,4.64E-13
LUSC,A10_Myeloid_dendritic_cell_XCELL,0.420962389,6.15E-23,6.15E-23
MESO,A10_Myeloid_dendritic_cell_XCELL,-0.169077413,0.119650418,0.119650418
OV,A10_Myeloid_dendritic_cell_XCELL,0.246188459,5.27E-05,5.27E-05
PAAD,A10_Myeloid_dendritic_cell_XCELL,0.379367623,1.92E-07,1.92E-07
PCPG,A10_Myeloid_dendritic_cell_XCELL,0.340804791,3.04E-06,3.04E-06
PRAD,A10_Myeloid_dendritic_cell_XCELL,0.306754361,3.03E-12,3.03E-12
READ,A10_Myeloid_dendritic_cell_XCELL,0.408662176,5.06E-08,5.06E-08
SARC,A10_Myeloid_dendritic_cell_XCELL,0.14646773,0.018348629,0.018348629
SKCM,A10_Myeloid_dendritic_cell_XCELL,0.237969199,1.90E-07,1.90E-07
STAD,A10_Myeloid_dendritic_cell_XCELL,0.332791703,4.02E-11,4.02E-11
TGCT,A10_Myeloid_dendritic_cell_XCELL,-0.001468558,0.986563833,0.986563833
THCA,A10_Myeloid_dendritic_cell_XCELL,0.635078821,1.36E-57,1.36E-57
THYM,A10_Myeloid_dendritic_cell_XCELL,-0.476882075,4.18E-08,4.18E-08
UCEC,A10_Myeloid_dendritic_cell_XCELL,0.038533084,0.370159067,0.370159067
UCS,A10_Myeloid_dendritic_cell_XCELL,0.126793432,0.351749895,0.351749895
UVM,A10_Myeloid_dendritic_cell_XCELL,0.350858431,0.001418448,0.001418448
ACC,A10_Plasmacytoid_dendritic_cell_XCELL,0.095733613,0.401319893,0.401319893
BLCA,A10_Plasmacytoid_dendritic_cell_XCELL,0.315735288,6.77E-11,6.77E-11
BRCA,A10_Plasmacytoid_dendritic_cell_XCELL,-0.149155409,7.65E-07,7.65E-07
CESC,A10_Plasmacytoid_dendritic_cell_XCELL,-0.050840837,0.377041862,0.377041862
CHOL,A10_Plasmacytoid_dendritic_cell_XCELL,-0.064506496,0.708575898,0.708575898
COAD,A10_Plasmacytoid_dendritic_cell_XCELL,-0.09191761,0.050316935,0.050316935
ESCA,A10_Plasmacytoid_dendritic_cell_XCELL,0.0857315,0.279551718,0.279551718
GBM,A10_Plasmacytoid_dendritic_cell_XCELL,0.145669369,0.067812554,0.067812554
HNSC,A10_Plasmacytoid_dendritic_cell_XCELL,0.036845683,0.411013392,0.411013392
KICH,A10_Plasmacytoid_dendritic_cell_XCELL,0.121725208,0.334076152,0.334076152
KIRC,A10_Plasmacytoid_dendritic_cell_XCELL,-0.013313135,0.75977118,0.75977118
KIRP,A10_Plasmacytoid_dendritic_cell_XCELL,0.116357087,0.048522526,0.048522526
LGG,A10_Plasmacytoid_dendritic_cell_XCELL,0.107181664,0.015454786,0.015454786
LIHC,A10_Plasmacytoid_dendritic_cell_XCELL,-0.045518306,0.381988046,0.381988046
LUAD,A10_Plasmacytoid_dendritic_cell_XCELL,0.172152559,9.04E-05,9.04E-05
LUSC,A10_Plasmacytoid_dendritic_cell_XCELL,0.179883206,5.14E-05,5.14E-05
MESO,A10_Plasmacytoid_dendritic_cell_XCELL,-0.116243241,0.286496277,0.286496277
OV,A10_Plasmacytoid_dendritic_cell_XCELL,0.181074056,0.003151203,0.003151203
PAAD,A10_Plasmacytoid_dendritic_cell_XCELL,0.062590102,0.40788625,0.40788625
PCPG,A10_Plasmacytoid_dendritic_cell_XCELL,0.033452791,0.656640113,0.656640113
PRAD,A10_Plasmacytoid_dendritic_cell_XCELL,-0.140617989,0.001711293,0.001711293
READ,A10_Plasmacytoid_dendritic_cell_XCELL,-0.063769931,0.415793384,0.415793384
SARC,A10_Plasmacytoid_dendritic_cell_XCELL,0.015458761,0.804446511,0.804446511
SKCM,A10_Plasmacytoid_dendritic_cell_XCELL,0.091298775,0.048388926,0.048388926
STAD,A10_Plasmacytoid_dendritic_cell_XCELL,-0.010210182,0.843984301,0.843984301
TGCT,A10_Plasmacytoid_dendritic_cell_XCELL,-0.385021427,4.36E-06,4.36E-06
THCA,A10_Plasmacytoid_dendritic_cell_XCELL,0.070448548,0.11638619,0.11638619
THYM,A10_Plasmacytoid_dendritic_cell_XCELL,-0.21022243,0.021747103,0.021747103
UCEC,A10_Plasmacytoid_dendritic_cell_XCELL,0.004020047,0.925537259,0.925537259
UCS,A10_Plasmacytoid_dendritic_cell_XCELL,-0.263946423,0.049338287,0.049338287
UVM,A10_Plasmacytoid_dendritic_cell_XCELL,0.307838656,0.005471847,0.005471847
