cancer,infiltrates,rho,p,adj.p
ACC,A06_Macrophage_M1_CIBERSORT,0.339531423,0.00220446,0.00220446
BLCA,A06_Macrophage_M1_CIBERSORT,0.319098527,4.14E-11,4.14E-11
BRCA,A06_Macrophage_M1_CIBERSORT,0.011077624,0.714997221,0.714997221
CESC,A06_Macrophage_M1_CIBERSORT,0.148175341,0.009676528,0.009676528
CHOL,A06_Macrophage_M1_CIBERSORT,0.065860707,0.702733589,0.702733589
COAD,A06_Macrophage_M1_CIBERSORT,0.19253957,3.63E-05,3.63E-05
ESCA,A06_Macrophage_M1_CIBERSORT,0.14185846,0.072646375,0.072646375
GBM,A06_Macrophage_M1_CIBERSORT,-0.10895586,0.172964524,0.172964524
HNSC,A06_Macrophage_M1_CIBERSORT,-0.010113023,0.821532888,0.821532888
KICH,A06_Macrophage_M1_CIBERSORT,0.052504048,0.677867798,0.677867798
KIRC,A06_Macrophage_M1_CIBERSORT,-0.036202241,0.405553998,0.405553998
KIRP,A06_Macrophage_M1_CIBERSORT,0.370687726,8.23E-11,8.23E-11
LGG,A06_Macrophage_M1_CIBERSORT,0.283422411,7.08E-11,7.08E-11
LIHC,A06_Macrophage_M1_CIBERSORT,0.077444098,0.136518484,0.136518484
LUAD,A06_Macrophage_M1_CIBERSORT,-0.019081556,0.666649978,0.666649978
LUSC,A06_Macrophage_M1_CIBERSORT,0.017839816,0.690377072,0.690377072
MESO,A06_Macrophage_M1_CIBERSORT,-0.098999399,0.364470899,0.364470899
OV,A06_Macrophage_M1_CIBERSORT,0.153154915,0.012724789,0.012724789
PAAD,A06_Macrophage_M1_CIBERSORT,0.123607892,0.101184811,0.101184811
PCPG,A06_Macrophage_M1_CIBERSORT,0.112068206,0.135286688,0.135286688
PRAD,A06_Macrophage_M1_CIBERSORT,-0.067365058,0.134474127,0.134474127
READ,A06_Macrophage_M1_CIBERSORT,0.204449603,0.008435533,0.008435533
SARC,A06_Macrophage_M1_CIBERSORT,0.121395909,0.051002896,0.051002896
SKCM,A06_Macrophage_M1_CIBERSORT,0.017347112,0.708181124,0.708181124
STAD,A06_Macrophage_M1_CIBERSORT,0.122276113,0.017997221,0.017997221
TGCT,A06_Macrophage_M1_CIBERSORT,-0.148341768,0.087160544,0.087160544
THCA,A06_Macrophage_M1_CIBERSORT,0.216469418,1.08E-06,1.08E-06
THYM,A06_Macrophage_M1_CIBERSORT,0.369740572,3.50E-05,3.50E-05
UCEC,A06_Macrophage_M1_CIBERSORT,0.08399563,0.050436414,0.050436414
UCS,A06_Macrophage_M1_CIBERSORT,0.300508998,0.024425137,0.024425137
UVM,A06_Macrophage_M1_CIBERSORT,0.233078129,0.037465636,0.037465636
ACC,A06_Macrophage_M1_QUANTISEQ,0.451221833,3.00E-05,3.00E-05
BLCA,A06_Macrophage_M1_QUANTISEQ,0.364476722,2.90E-14,2.90E-14
BRCA,A06_Macrophage_M1_QUANTISEQ,0.172756454,9.60E-09,9.60E-09
CESC,A06_Macrophage_M1_QUANTISEQ,0.17372173,0.002368858,0.002368858
CHOL,A06_Macrophage_M1_QUANTISEQ,0.309395339,0.066327558,0.066327558
COAD,A06_Macrophage_M1_QUANTISEQ,0.119463739,0.010847958,0.010847958
ESCA,A06_Macrophage_M1_QUANTISEQ,0.179202791,0.022932584,0.022932584
GBM,A06_Macrophage_M1_QUANTISEQ,0.4393923,7.66E-09,7.66E-09
HNSC,A06_Macrophage_M1_QUANTISEQ,0.26855147,1.04E-09,1.04E-09
KICH,A06_Macrophage_M1_QUANTISEQ,0.58068801,3.96E-07,3.96E-07
KIRC,A06_Macrophage_M1_QUANTISEQ,0.195901379,5.53E-06,5.53E-06
KIRP,A06_Macrophage_M1_QUANTISEQ,0.434868261,1.02E-14,1.02E-14
LGG,A06_Macrophage_M1_QUANTISEQ,0.392419498,3.19E-20,3.19E-20
LIHC,A06_Macrophage_M1_QUANTISEQ,0.307920518,1.37E-09,1.37E-09
LUAD,A06_Macrophage_M1_QUANTISEQ,0.25370213,5.81E-09,5.81E-09
LUSC,A06_Macrophage_M1_QUANTISEQ,0.328313493,4.69E-14,4.69E-14
MESO,A06_Macrophage_M1_QUANTISEQ,-0.073591889,0.500698868,0.500698868
OV,A06_Macrophage_M1_QUANTISEQ,0.341947543,1.18E-08,1.18E-08
PAAD,A06_Macrophage_M1_QUANTISEQ,0.420759769,5.50E-09,5.50E-09
PCPG,A06_Macrophage_M1_QUANTISEQ,0.295710509,5.85E-05,5.85E-05
PRAD,A06_Macrophage_M1_QUANTISEQ,0.228713062,2.69E-07,2.69E-07
READ,A06_Macrophage_M1_QUANTISEQ,0.09953547,0.203373988,0.203373988
SARC,A06_Macrophage_M1_QUANTISEQ,0.095288865,0.12611726,0.12611726
SKCM,A06_Macrophage_M1_QUANTISEQ,0.153795421,0.000843574,0.000843574
STAD,A06_Macrophage_M1_QUANTISEQ,0.131777318,0.010739725,0.010739725
TGCT,A06_Macrophage_M1_QUANTISEQ,0.040789834,0.639822028,0.639822028
THCA,A06_Macrophage_M1_QUANTISEQ,0.578271762,8.86E-46,8.86E-46
THYM,A06_Macrophage_M1_QUANTISEQ,0.371180369,3.24E-05,3.24E-05
UCEC,A06_Macrophage_M1_QUANTISEQ,0.016095646,0.708235845,0.708235845
UCS,A06_Macrophage_M1_QUANTISEQ,-0.165445316,0.223005935,0.223005935
UVM,A06_Macrophage_M1_QUANTISEQ,0.298542287,0.007148306,0.007148306
ACC,A06_Macrophage_M1_XCELL,-0.000843414,0.994114108,0.994114108
BLCA,A06_Macrophage_M1_XCELL,0.512627049,1.01E-28,1.01E-28
BRCA,A06_Macrophage_M1_XCELL,-0.011753381,0.698438259,0.698438259
CESC,A06_Macrophage_M1_XCELL,0.103510454,0.071517836,0.071517836
CHOL,A06_Macrophage_M1_XCELL,0.401465955,0.015229961,0.015229961
COAD,A06_Macrophage_M1_XCELL,0.464503938,1.12E-25,1.12E-25
ESCA,A06_Macrophage_M1_XCELL,0.349059815,5.68E-06,5.68E-06
GBM,A06_Macrophage_M1_XCELL,0.46375296,8.43E-10,8.43E-10
HNSC,A06_Macrophage_M1_XCELL,0.318133095,3.19E-13,3.19E-13
KICH,A06_Macrophage_M1_XCELL,0.535288426,4.34E-06,4.34E-06
KIRC,A06_Macrophage_M1_XCELL,0.252321268,3.84E-09,3.84E-09
KIRP,A06_Macrophage_M1_XCELL,0.352132507,7.85E-10,7.85E-10
LGG,A06_Macrophage_M1_XCELL,0.469092151,2.88E-29,2.88E-29
LIHC,A06_Macrophage_M1_XCELL,0.400944062,9.26E-16,9.26E-16
LUAD,A06_Macrophage_M1_XCELL,0.280910701,9.70E-11,9.70E-11
LUSC,A06_Macrophage_M1_XCELL,0.375581835,3.14E-18,3.14E-18
MESO,A06_Macrophage_M1_XCELL,0.016042404,0.883444933,0.883444933
OV,A06_Macrophage_M1_XCELL,0.358299444,2.04E-09,2.04E-09
PAAD,A06_Macrophage_M1_XCELL,0.346241014,2.35E-06,2.35E-06
PCPG,A06_Macrophage_M1_XCELL,0.359583759,7.67E-07,7.67E-07
PRAD,A06_Macrophage_M1_XCELL,0.302737546,5.96E-12,5.96E-12
READ,A06_Macrophage_M1_XCELL,0.586406621,1.28E-16,1.28E-16
SARC,A06_Macrophage_M1_XCELL,0.240497798,9.26E-05,9.26E-05
SKCM,A06_Macrophage_M1_XCELL,0.253409461,2.72E-08,2.72E-08
STAD,A06_Macrophage_M1_XCELL,0.358840463,8.30E-13,8.30E-13
TGCT,A06_Macrophage_M1_XCELL,0.134013919,0.122646037,0.122646037
THCA,A06_Macrophage_M1_XCELL,0.114817394,0.010338363,0.010338363
THYM,A06_Macrophage_M1_XCELL,0.270574348,0.002918588,0.002918588
UCEC,A06_Macrophage_M1_XCELL,0.061245828,0.154093129,0.154093129
UCS,A06_Macrophage_M1_XCELL,0.013299001,0.922503847,0.922503847
UVM,A06_Macrophage_M1_XCELL,0.373943218,0.000633468,0.000633468
