cancer,infiltrates,rho,p,adj.p
ACC,A07_Macrophage/Monocyte_MCPCOUNTER,0.458628929,2.13E-05,2.13E-05
BLCA,A07_Macrophage/Monocyte_MCPCOUNTER,0.372171283,7.52E-15,7.52E-15
BRCA,A07_Macrophage/Monocyte_MCPCOUNTER,0.13523151,7.53E-06,7.53E-06
CESC,A07_Macrophage/Monocyte_MCPCOUNTER,0.182169338,0.001423325,0.001423325
CHOL,A07_Macrophage/Monocyte_MCPCOUNTER,0.277710076,0.101027326,0.101027326
COAD,A07_Macrophage/Monocyte_MCPCOUNTER,0.546449083,1.05E-36,1.05E-36
ESCA,A07_Macrophage/Monocyte_MCPCOUNTER,0.339413402,1.06E-05,1.06E-05
GBM,A07_Macrophage/Monocyte_MCPCOUNTER,0.106730657,0.181959232,0.181959232
HNSC,A07_Macrophage/Monocyte_MCPCOUNTER,0.327430955,5.85E-14,5.85E-14
KICH,A07_Macrophage/Monocyte_MCPCOUNTER,0.727106513,6.96E-12,6.96E-12
KIRC,A07_Macrophage/Monocyte_MCPCOUNTER,0.006689428,0.877893358,0.877893358
KIRP,A07_Macrophage/Monocyte_MCPCOUNTER,0.010163011,0.863652645,0.863652645
LGG,A07_Macrophage/Monocyte_MCPCOUNTER,-0.078879335,0.075117032,0.075117032
LIHC,A07_Macrophage/Monocyte_MCPCOUNTER,0.36745892,2.65E-13,2.65E-13
LUAD,A07_Macrophage/Monocyte_MCPCOUNTER,0.267996223,7.17E-10,7.17E-10
LUSC,A07_Macrophage/Monocyte_MCPCOUNTER,0.341895807,3.49E-15,3.49E-15
MESO,A07_Macrophage/Monocyte_MCPCOUNTER,0.172234948,0.112797433,0.112797433
OV,A07_Macrophage/Monocyte_MCPCOUNTER,0.404352613,8.33E-12,8.33E-12
PAAD,A07_Macrophage/Monocyte_MCPCOUNTER,0.480174764,1.35E-11,1.35E-11
PCPG,A07_Macrophage/Monocyte_MCPCOUNTER,0.449843721,2.66E-10,2.66E-10
PRAD,A07_Macrophage/Monocyte_MCPCOUNTER,0.208763856,2.80E-06,2.80E-06
READ,A07_Macrophage/Monocyte_MCPCOUNTER,0.581001034,2.81E-16,2.81E-16
SARC,A07_Macrophage/Monocyte_MCPCOUNTER,0.17383016,0.005025583,0.005025583
SKCM,A07_Macrophage/Monocyte_MCPCOUNTER,0.393245785,9.30E-19,9.30E-19
STAD,A07_Macrophage/Monocyte_MCPCOUNTER,0.419258635,2.36E-17,2.36E-17
TGCT,A07_Macrophage/Monocyte_MCPCOUNTER,-0.016577093,0.849223721,0.849223721
THCA,A07_Macrophage/Monocyte_MCPCOUNTER,0.12939474,0.003822203,0.003822203
THYM,A07_Macrophage/Monocyte_MCPCOUNTER,0.517711492,1.65E-09,1.65E-09
UCEC,A07_Macrophage/Monocyte_MCPCOUNTER,0.118496982,0.005698518,0.005698518
UCS,A07_Macrophage/Monocyte_MCPCOUNTER,0.407835539,0.001808525,0.001808525
UVM,A07_Macrophage/Monocyte_MCPCOUNTER,0.447060138,3.22E-05,3.22E-05
ACC,A07_Macrophage_EPIC,-0.072178844,0.527295876,0.527295876
BLCA,A07_Macrophage_EPIC,0.317309609,5.38E-11,5.38E-11
BRCA,A07_Macrophage_EPIC,0.101280253,0.000816854,0.000816854
CESC,A07_Macrophage_EPIC,0.125984323,0.028069004,0.028069004
CHOL,A07_Macrophage_EPIC,-0.039024376,0.821225715,0.821225715
COAD,A07_Macrophage_EPIC,0.461945521,2.22E-25,2.22E-25
ESCA,A07_Macrophage_EPIC,0.351565245,4.81E-06,4.81E-06
GBM,A07_Macrophage_EPIC,0.268799008,0.000637832,0.000637832
HNSC,A07_Macrophage_EPIC,0.277129317,2.88E-10,2.88E-10
KICH,A07_Macrophage_EPIC,0.620669878,3.48E-08,3.48E-08
KIRC,A07_Macrophage_EPIC,0.123205877,0.004503654,0.004503654
KIRP,A07_Macrophage_EPIC,0.259982553,7.82E-06,7.82E-06
LGG,A07_Macrophage_EPIC,0.379188313,6.94E-19,6.94E-19
LIHC,A07_Macrophage_EPIC,-0.177834801,0.000579032,0.000579032
LUAD,A07_Macrophage_EPIC,0.197924543,6.41E-06,6.41E-06
LUSC,A07_Macrophage_EPIC,0.360209355,8.54E-17,8.54E-17
MESO,A07_Macrophage_EPIC,-0.08298014,0.447507477,0.447507477
OV,A07_Macrophage_EPIC,0.276745895,5.00E-06,5.00E-06
PAAD,A07_Macrophage_EPIC,0.398212606,4.04E-08,4.04E-08
PCPG,A07_Macrophage_EPIC,0.309174056,2.54E-05,2.54E-05
PRAD,A07_Macrophage_EPIC,0.389773635,2.08E-19,2.08E-19
READ,A07_Macrophage_EPIC,0.526082732,3.97E-13,3.97E-13
SARC,A07_Macrophage_EPIC,0.007765183,0.901025345,0.901025345
SKCM,A07_Macrophage_EPIC,0.190048734,3.50E-05,3.50E-05
STAD,A07_Macrophage_EPIC,0.377138016,4.36E-14,4.36E-14
TGCT,A07_Macrophage_EPIC,-0.109888945,0.206240531,0.206240531
THCA,A07_Macrophage_EPIC,0.170165605,0.000135785,0.000135785
THYM,A07_Macrophage_EPIC,0.286724143,0.001569966,0.001569966
UCEC,A07_Macrophage_EPIC,0.023195567,0.589653356,0.589653356
UCS,A07_Macrophage_EPIC,0.071110462,0.602506154,0.602506154
UVM,A07_Macrophage_EPIC,0.373061694,0.000653994,0.000653994
ACC,A07_Macrophage_M2_CIBERSORT,0.283441829,0.011364965,0.011364965
BLCA,A07_Macrophage_M2_CIBERSORT,0.412180648,3.64E-18,3.64E-18
BRCA,A07_Macrophage_M2_CIBERSORT,0.044778083,0.139750594,0.139750594
CESC,A07_Macrophage_M2_CIBERSORT,0.254635156,6.93E-06,6.93E-06
CHOL,A07_Macrophage_M2_CIBERSORT,0.060824051,0.724544805,0.724544805
COAD,A07_Macrophage_M2_CIBERSORT,0.391228912,4.69E-18,4.69E-18
ESCA,A07_Macrophage_M2_CIBERSORT,0.40801209,7.77E-08,7.77E-08
GBM,A07_Macrophage_M2_CIBERSORT,-0.112236533,0.160310059,0.160310059
HNSC,A07_Macrophage_M2_CIBERSORT,0.359220736,1.13E-16,1.13E-16
KICH,A07_Macrophage_M2_CIBERSORT,0.355479961,0.003661712,0.003661712
KIRC,A07_Macrophage_M2_CIBERSORT,0.201580152,2.90E-06,2.90E-06
KIRP,A07_Macrophage_M2_CIBERSORT,0.083268119,0.158713967,0.158713967
LGG,A07_Macrophage_M2_CIBERSORT,0.217966889,6.69E-07,6.69E-07
LIHC,A07_Macrophage_M2_CIBERSORT,0.252863199,8.04E-07,8.04E-07
LUAD,A07_Macrophage_M2_CIBERSORT,0.209731669,1.69E-06,1.69E-06
LUSC,A07_Macrophage_M2_CIBERSORT,0.217326889,9.06E-07,9.06E-07
MESO,A07_Macrophage_M2_CIBERSORT,0.16594519,0.126760531,0.126760531
OV,A07_Macrophage_M2_CIBERSORT,0.270767514,8.11E-06,8.11E-06
PAAD,A07_Macrophage_M2_CIBERSORT,0.160706468,0.032612588,0.032612588
PCPG,A07_Macrophage_M2_CIBERSORT,0.184358211,0.013493254,0.013493254
PRAD,A07_Macrophage_M2_CIBERSORT,0.143675342,0.001349982,0.001349982
READ,A07_Macrophage_M2_CIBERSORT,0.475009922,1.15E-10,1.15E-10
SARC,A07_Macrophage_M2_CIBERSORT,0.279480458,4.94E-06,4.94E-06
SKCM,A07_Macrophage_M2_CIBERSORT,0.147328281,0.001392832,0.001392832
STAD,A07_Macrophage_M2_CIBERSORT,0.365376625,2.96E-13,2.96E-13
TGCT,A07_Macrophage_M2_CIBERSORT,0.618420441,1.69E-15,1.69E-15
THCA,A07_Macrophage_M2_CIBERSORT,-0.013792203,0.758822993,0.758822993
THYM,A07_Macrophage_M2_CIBERSORT,0.361617853,5.33E-05,5.33E-05
UCEC,A07_Macrophage_M2_CIBERSORT,0.009383091,0.827312936,0.827312936
UCS,A07_Macrophage_M2_CIBERSORT,0.394553192,0.0026204,0.0026204
UVM,A07_Macrophage_M2_CIBERSORT,-0.000323169,0.997730005,0.997730005
ACC,A07_Macrophage_M2_QUANTISEQ,0.257448413,0.021990322,0.021990322
BLCA,A07_Macrophage_M2_QUANTISEQ,0.448651362,1.34E-21,1.34E-21
BRCA,A07_Macrophage_M2_QUANTISEQ,0.311699731,5.78E-26,5.78E-26
CESC,A07_Macrophage_M2_QUANTISEQ,0.233302144,3.99E-05,3.99E-05
CHOL,A07_Macrophage_M2_QUANTISEQ,0.067060743,0.697570382,0.697570382
COAD,A07_Macrophage_M2_QUANTISEQ,0.364806049,9.75E-16,9.75E-16
ESCA,A07_Macrophage_M2_QUANTISEQ,0.45413792,1.44E-09,1.44E-09
GBM,A07_Macrophage_M2_QUANTISEQ,0.217641793,0.006014293,0.006014293
HNSC,A07_Macrophage_M2_QUANTISEQ,0.30932611,1.51E-12,1.51E-12
KICH,A07_Macrophage_M2_QUANTISEQ,0.415636191,0.000575019,0.000575019
KIRC,A07_Macrophage_M2_QUANTISEQ,0.275087928,1.17E-10,1.17E-10
KIRP,A07_Macrophage_M2_QUANTISEQ,0.283194164,1.03E-06,1.03E-06
LGG,A07_Macrophage_M2_QUANTISEQ,0.413059082,1.96E-22,1.96E-22
LIHC,A07_Macrophage_M2_QUANTISEQ,0.388952501,7.56E-15,7.56E-15
LUAD,A07_Macrophage_M2_QUANTISEQ,0.292955328,1.37E-11,1.37E-11
LUSC,A07_Macrophage_M2_QUANTISEQ,0.45972035,1.45E-27,1.45E-27
MESO,A07_Macrophage_M2_QUANTISEQ,-0.072101021,0.509438294,0.509438294
OV,A07_Macrophage_M2_QUANTISEQ,0.002821491,0.963608059,0.963608059
PAAD,A07_Macrophage_M2_QUANTISEQ,0.34157006,3.27E-06,3.27E-06
PCPG,A07_Macrophage_M2_QUANTISEQ,0.053497959,0.476929921,0.476929921
PRAD,A07_Macrophage_M2_QUANTISEQ,0.161013067,0.000322215,0.000322215
READ,A07_Macrophage_M2_QUANTISEQ,0.421588101,1.71E-08,1.71E-08
SARC,A07_Macrophage_M2_QUANTISEQ,0.229257999,0.000198123,0.000198123
SKCM,A07_Macrophage_M2_QUANTISEQ,0.391271733,1.43E-18,1.43E-18
STAD,A07_Macrophage_M2_QUANTISEQ,0.440934597,3.19E-19,3.19E-19
TGCT,A07_Macrophage_M2_QUANTISEQ,0.124748316,0.150958617,0.150958617
THCA,A07_Macrophage_M2_QUANTISEQ,0.108328271,0.01558506,0.01558506
THYM,A07_Macrophage_M2_QUANTISEQ,0.467918198,8.06E-08,8.06E-08
UCEC,A07_Macrophage_M2_QUANTISEQ,0.014247834,0.740448195,0.740448195
UCS,A07_Macrophage_M2_QUANTISEQ,0.23815856,0.077136389,0.077136389
UVM,A07_Macrophage_M2_QUANTISEQ,0.34623513,0.001655219,0.001655219
ACC,A07_Macrophage_M2_XCELL,0.25569399,0.022942946,0.022942946
BLCA,A07_Macrophage_M2_XCELL,0.364349711,2.97E-14,2.97E-14
BRCA,A07_Macrophage_M2_XCELL,0.302146761,2.01E-24,2.01E-24
CESC,A07_Macrophage_M2_XCELL,-0.053060062,0.356543071,0.356543071
CHOL,A07_Macrophage_M2_XCELL,-0.065138393,0.705847721,0.705847721
COAD,A07_Macrophage_M2_XCELL,0.319043513,3.36E-12,3.36E-12
ESCA,A07_Macrophage_M2_XCELL,0.131936203,0.095248292,0.095248292
GBM,A07_Macrophage_M2_XCELL,0.156323481,0.04982899,0.04982899
HNSC,A07_Macrophage_M2_XCELL,0.207212319,2.97E-06,2.97E-06
KICH,A07_Macrophage_M2_XCELL,0.312882983,0.011159603,0.011159603
KIRC,A07_Macrophage_M2_XCELL,-0.012127198,0.780597763,0.780597763
KIRP,A07_Macrophage_M2_XCELL,0.175701186,0.002770738,0.002770738
LGG,A07_Macrophage_M2_XCELL,0.436194421,4.21E-25,4.21E-25
LIHC,A07_Macrophage_M2_XCELL,0.288382605,1.54E-08,1.54E-08
LUAD,A07_Macrophage_M2_XCELL,0.081685393,0.064761746,0.064761746
LUSC,A07_Macrophage_M2_XCELL,0.350774209,5.95E-16,5.95E-16
MESO,A07_Macrophage_M2_XCELL,-0.217228057,0.044529576,0.044529576
OV,A07_Macrophage_M2_XCELL,0.239110213,8.72E-05,8.72E-05
PAAD,A07_Macrophage_M2_XCELL,0.372516352,3.29E-07,3.29E-07
PCPG,A07_Macrophage_M2_XCELL,0.310837321,2.29E-05,2.29E-05
PRAD,A07_Macrophage_M2_XCELL,0.045855626,0.308592607,0.308592607
READ,A07_Macrophage_M2_XCELL,0.352734725,3.37E-06,3.37E-06
SARC,A07_Macrophage_M2_XCELL,0.215011414,0.00049327,0.00049327
SKCM,A07_Macrophage_M2_XCELL,0.229203019,5.39E-07,5.39E-07
STAD,A07_Macrophage_M2_XCELL,0.284326047,2.19E-08,2.19E-08
TGCT,A07_Macrophage_M2_XCELL,-0.08729886,0.31585785,0.31585785
THCA,A07_Macrophage_M2_XCELL,-0.161427162,0.000297932,0.000297932
THYM,A07_Macrophage_M2_XCELL,0.164346342,0.074091423,0.074091423
UCEC,A07_Macrophage_M2_XCELL,-0.09889329,0.021178408,0.021178408
UCS,A07_Macrophage_M2_XCELL,-0.161510411,0.234361032,0.234361032
UVM,A07_Macrophage_M2_XCELL,0.322158668,0.00356547,0.00356547
ACC,A07_Macrophage_TIMER,0.517046217,1.07E-06,1.07E-06
BLCA,A07_Macrophage_TIMER,0.39553384,9.90E-17,9.90E-17
BRCA,A07_Macrophage_TIMER,0.3643572,1.58E-35,1.58E-35
CESC,A07_Macrophage_TIMER,0.218417095,0.000123538,0.000123538
CHOL,A07_Macrophage_TIMER,0.201877594,0.237712992,0.237712992
COAD,A07_Macrophage_TIMER,0.549648416,3.37E-37,3.37E-37
ESCA,A07_Macrophage_TIMER,0.537667497,1.92E-13,1.92E-13
GBM,A07_Macrophage_TIMER,0.344338507,9.42E-06,9.42E-06
HNSC,A07_Macrophage_TIMER,0.479996876,3.54E-30,3.54E-30
KICH,A07_Macrophage_TIMER,0.674435228,7.31E-10,7.31E-10
KIRC,A07_Macrophage_TIMER,0.322913845,2.51E-14,2.51E-14
KIRP,A07_Macrophage_TIMER,0.306463018,1.12E-07,1.12E-07
LGG,A07_Macrophage_TIMER,0.358958959,5.91E-17,5.91E-17
LIHC,A07_Macrophage_TIMER,0.374242889,8.86E-14,8.86E-14
LUAD,A07_Macrophage_TIMER,0.255581011,4.45E-09,4.45E-09
LUSC,A07_Macrophage_TIMER,0.31960941,2.32E-13,2.32E-13
MESO,A07_Macrophage_TIMER,0.349201964,0.000982924,0.000982924
OV,A07_Macrophage_TIMER,0.408523912,4.84E-12,4.84E-12
PAAD,A07_Macrophage_TIMER,0.279040207,0.000169189,0.000169189
PCPG,A07_Macrophage_TIMER,0.427197133,2.46E-09,2.46E-09
PRAD,A07_Macrophage_TIMER,0.550505089,1.45E-40,1.45E-40
READ,A07_Macrophage_TIMER,0.475942714,1.04E-10,1.04E-10
SARC,A07_Macrophage_TIMER,0.169597916,0.006217843,0.006217843
SKCM,A07_Macrophage_TIMER,0.440665082,1.18E-23,1.18E-23
STAD,A07_Macrophage_TIMER,0.507379864,7.32E-26,7.32E-26
TGCT,A07_Macrophage_TIMER,-0.16030724,0.06427171,0.06427171
THCA,A07_Macrophage_TIMER,0.027480856,0.540647005,0.540647005
THYM,A07_Macrophage_TIMER,0.237500281,0.009300683,0.009300683
UCEC,A07_Macrophage_TIMER,0.085020244,0.047681804,0.047681804
UCS,A07_Macrophage_TIMER,0.160059808,0.238645787,0.238645787
UVM,A07_Macrophage_TIMER,0.132912195,0.239868394,0.239868394
ACC,A07_Macrophage_XCELL,0.146656535,0.197147554,0.197147554
BLCA,A07_Macrophage_XCELL,0.457474453,1.70E-22,1.70E-22
BRCA,A07_Macrophage_XCELL,0.091726438,0.002446465,0.002446465
CESC,A07_Macrophage_XCELL,0.08107195,0.158528907,0.158528907
CHOL,A07_Macrophage_XCELL,0.375831236,0.023887351,0.023887351
COAD,A07_Macrophage_XCELL,0.438000653,1.05E-22,1.05E-22
ESCA,A07_Macrophage_XCELL,0.346977299,6.51E-06,6.51E-06
GBM,A07_Macrophage_XCELL,0.368779432,1.86E-06,1.86E-06
HNSC,A07_Macrophage_XCELL,0.302808204,4.61E-12,4.61E-12
KICH,A07_Macrophage_XCELL,0.5156776,1.10E-05,1.10E-05
KIRC,A07_Macrophage_XCELL,0.131273471,0.002460797,0.002460797
KIRP,A07_Macrophage_XCELL,0.287012413,7.26E-07,7.26E-07
LGG,A07_Macrophage_XCELL,0.457023247,1.10E-27,1.10E-27
LIHC,A07_Macrophage_XCELL,0.427932255,5.95E-18,5.95E-18
LUAD,A07_Macrophage_XCELL,0.260487786,2.19E-09,2.19E-09
LUSC,A07_Macrophage_XCELL,0.39723886,2.19E-20,2.19E-20
MESO,A07_Macrophage_XCELL,-0.01957087,0.858052265,0.858052265
OV,A07_Macrophage_XCELL,0.339657406,1.50E-08,1.50E-08
PAAD,A07_Macrophage_XCELL,0.415007036,9.28E-09,9.28E-09
PCPG,A07_Macrophage_XCELL,0.3375102,3.83E-06,3.83E-06
PRAD,A07_Macrophage_XCELL,0.236322843,1.04E-07,1.04E-07
READ,A07_Macrophage_XCELL,0.58319827,2.05E-16,2.05E-16
SARC,A07_Macrophage_XCELL,0.28338064,3.59E-06,3.59E-06
SKCM,A07_Macrophage_XCELL,0.24623874,6.81E-08,6.81E-08
STAD,A07_Macrophage_XCELL,0.321364885,1.97E-10,1.97E-10
TGCT,A07_Macrophage_XCELL,0.013563983,0.876387271,0.876387271
THCA,A07_Macrophage_XCELL,0.169238874,0.00014786,0.00014786
THYM,A07_Macrophage_XCELL,0.272012852,0.002765844,0.002765844
UCEC,A07_Macrophage_XCELL,-0.010517955,0.806816402,0.806816402
UCS,A07_Macrophage_XCELL,-0.073849046,0.588569057,0.588569057
UVM,A07_Macrophage_XCELL,0.392689509,0.000314666,0.000314666
ACC,A07_TAM.M2_TIDE,-0.121943044,0.284358735,0.284358735
BLCA,A07_TAM.M2_TIDE,-0.284554617,4.87E-09,4.87E-09
BRCA,A07_TAM.M2_TIDE,0.056119909,0.06412796,0.06412796
CESC,A07_TAM.M2_TIDE,0.011366545,0.843536111,0.843536111
CHOL,A07_TAM.M2_TIDE,-0.211249799,0.216168141,0.216168141
COAD,A07_TAM.M2_TIDE,-0.233077518,5.12E-07,5.12E-07
ESCA,A07_TAM.M2_TIDE,0.067816878,0.392673253,0.392673253
GBM,A07_TAM.M2_TIDE,-0.137509156,0.084900635,0.084900635
HNSC,A07_TAM.M2_TIDE,0.073731206,0.099600089,0.099600089
KICH,A07_TAM.M2_TIDE,0.293480664,0.017658009,0.017658009
KIRC,A07_TAM.M2_TIDE,0.122727676,0.004663019,0.004663019
KIRP,A07_TAM.M2_TIDE,-0.066238991,0.26251984,0.26251984
LGG,A07_TAM.M2_TIDE,-0.264241826,1.35E-09,1.35E-09
LIHC,A07_TAM.M2_TIDE,-0.293197819,8.65E-09,8.65E-09
LUAD,A07_TAM.M2_TIDE,-0.16936049,0.000117793,0.000117793
LUSC,A07_TAM.M2_TIDE,-0.235134177,1.01E-07,1.01E-07
MESO,A07_TAM.M2_TIDE,0.185773137,0.086800679,0.086800679
OV,A07_TAM.M2_TIDE,-0.089723949,0.145985755,0.145985755
PAAD,A07_TAM.M2_TIDE,-0.089224512,0.237602139,0.237602139
PCPG,A07_TAM.M2_TIDE,-0.101088315,0.178158703,0.178158703
PRAD,A07_TAM.M2_TIDE,-0.213689227,1.60E-06,1.60E-06
READ,A07_TAM.M2_TIDE,-0.230438147,0.002904109,0.002904109
SARC,A07_TAM.M2_TIDE,-0.343795347,1.35E-08,1.35E-08
SKCM,A07_TAM.M2_TIDE,-0.043169337,0.35142307,0.35142307
STAD,A07_TAM.M2_TIDE,-0.057441641,0.26783372,0.26783372
TGCT,A07_TAM.M2_TIDE,-0.295051883,0.00053847,0.00053847
THCA,A07_TAM.M2_TIDE,-0.254457162,8.45E-09,8.45E-09
THYM,A07_TAM.M2_TIDE,-0.332056359,0.000224851,0.000224851
UCEC,A07_TAM.M2_TIDE,-0.008312529,0.846756522,0.846756522
UCS,A07_TAM.M2_TIDE,-0.083232904,0.54194823,0.54194823
UVM,A07_TAM.M2_TIDE,-0.375302962,0.000602958,0.000602958
