cancer,infiltrates,rho,p,adj.p
ACC,A08_Mast_cell_activated_CIBERSORT,-0.097103455,0.394584958,0.394584958
BLCA,A08_Mast_cell_activated_CIBERSORT,0.143536966,0.003667036,0.003667036
BRCA,A08_Mast_cell_activated_CIBERSORT,0.114676793,0.000149135,0.000149135
CESC,A08_Mast_cell_activated_CIBERSORT,0.106131454,0.064592997,0.064592997
CHOL,A08_Mast_cell_activated_CIBERSORT,0.006490451,0.970031575,0.970031575
COAD,A08_Mast_cell_activated_CIBERSORT,0.133740159,0.004308877,0.004308877
ESCA,A08_Mast_cell_activated_CIBERSORT,0.278113138,0.000354131,0.000354131
GBM,A08_Mast_cell_activated_CIBERSORT,-0.292353525,0.000193451,0.000193451
HNSC,A08_Mast_cell_activated_CIBERSORT,0.062585398,0.162317521,0.162317521
KICH,A08_Mast_cell_activated_CIBERSORT,-0.118790321,0.345947934,0.345947934
KIRC,A08_Mast_cell_activated_CIBERSORT,-0.000561645,0.989707966,0.989707966
KIRP,A08_Mast_cell_activated_CIBERSORT,-0.268923597,3.67E-06,3.67E-06
LGG,A08_Mast_cell_activated_CIBERSORT,-0.009341372,0.83332051,0.83332051
LIHC,A08_Mast_cell_activated_CIBERSORT,-0.198092816,0.000122639,0.000122639
LUAD,A08_Mast_cell_activated_CIBERSORT,-0.077358808,0.080330259,0.080330259
LUSC,A08_Mast_cell_activated_CIBERSORT,0.047988802,0.283688844,0.283688844
MESO,A08_Mast_cell_activated_CIBERSORT,-0.010332655,0.924774375,0.924774375
OV,A08_Mast_cell_activated_CIBERSORT,-0.114408607,0.063425302,0.063425302
PAAD,A08_Mast_cell_activated_CIBERSORT,-0.042868629,0.571020189,0.571020189
PCPG,A08_Mast_cell_activated_CIBERSORT,-0.02171279,0.772966951,0.772966951
PRAD,A08_Mast_cell_activated_CIBERSORT,-0.090190579,0.044895778,0.044895778
READ,A08_Mast_cell_activated_CIBERSORT,-0.037204092,0.635195859,0.635195859
SARC,A08_Mast_cell_activated_CIBERSORT,-0.0955935,0.124905087,0.124905087
SKCM,A08_Mast_cell_activated_CIBERSORT,0.000168521,0.997098964,0.997098964
STAD,A08_Mast_cell_activated_CIBERSORT,0.205716813,6.12E-05,6.12E-05
TGCT,A08_Mast_cell_activated_CIBERSORT,0.084094998,0.334012933,0.334012933
THCA,A08_Mast_cell_activated_CIBERSORT,-0.06802243,0.129538497,0.129538497
THYM,A08_Mast_cell_activated_CIBERSORT,0.212010344,0.020627889,0.020627889
UCEC,A08_Mast_cell_activated_CIBERSORT,0.029263373,0.496200603,0.496200603
UCS,A08_Mast_cell_activated_CIBERSORT,-0.142364431,0.295250808,0.295250808
UVM,A08_Mast_cell_activated_CIBERSORT,-0.171356148,0.128561385,0.128561385
ACC,A08_Mast_cell_resting_CIBERSORT,-0.150919688,0.184296659,0.184296659
BLCA,A08_Mast_cell_resting_CIBERSORT,-0.096018979,0.052621051,0.052621051
BRCA,A08_Mast_cell_resting_CIBERSORT,-0.037283303,0.21893557,0.21893557
CESC,A08_Mast_cell_resting_CIBERSORT,0.021016349,0.715138797,0.715138797
CHOL,A08_Mast_cell_resting_CIBERSORT,-0.088058469,0.609562296,0.609562296
COAD,A08_Mast_cell_resting_CIBERSORT,-0.180247713,0.000112613,0.000112613
ESCA,A08_Mast_cell_resting_CIBERSORT,-0.261588699,0.00080263,0.00080263
GBM,A08_Mast_cell_resting_CIBERSORT,0.223075532,0.004842287,0.004842287
HNSC,A08_Mast_cell_resting_CIBERSORT,-0.102964186,0.021295177,0.021295177
KICH,A08_Mast_cell_resting_CIBERSORT,0.085587076,0.497846649,0.497846649
KIRC,A08_Mast_cell_resting_CIBERSORT,0.009084401,0.834722152,0.834722152
KIRP,A08_Mast_cell_resting_CIBERSORT,0.030067413,0.611343442,0.611343442
LGG,A08_Mast_cell_resting_CIBERSORT,0.012941076,0.77063396,0.77063396
LIHC,A08_Mast_cell_resting_CIBERSORT,-0.000127929,0.998040579,0.998040579
LUAD,A08_Mast_cell_resting_CIBERSORT,0.041711116,0.346234653,0.346234653
LUSC,A08_Mast_cell_resting_CIBERSORT,-0.062408919,0.163084829,0.163084829
MESO,A08_Mast_cell_resting_CIBERSORT,-0.043279862,0.692346065,0.692346065
OV,A08_Mast_cell_resting_CIBERSORT,0.085678978,0.165116816,0.165116816
PAAD,A08_Mast_cell_resting_CIBERSORT,-0.157148527,0.036715915,0.036715915
PCPG,A08_Mast_cell_resting_CIBERSORT,0.013308721,0.859650609,0.859650609
PRAD,A08_Mast_cell_resting_CIBERSORT,0.033419489,0.458169656,0.458169656
READ,A08_Mast_cell_resting_CIBERSORT,-0.068437985,0.382421505,0.382421505
SARC,A08_Mast_cell_resting_CIBERSORT,-0.009096074,0.884172123,0.884172123
SKCM,A08_Mast_cell_resting_CIBERSORT,-0.04524641,0.328711672,0.328711672
STAD,A08_Mast_cell_resting_CIBERSORT,-0.132683511,0.010206475,0.010206475
TGCT,A08_Mast_cell_resting_CIBERSORT,0.172601509,0.046121256,0.046121256
THCA,A08_Mast_cell_resting_CIBERSORT,-0.112032346,0.012359803,0.012359803
THYM,A08_Mast_cell_resting_CIBERSORT,0.08242909,0.372810187,0.372810187
UCEC,A08_Mast_cell_resting_CIBERSORT,-0.040932827,0.341080526,0.341080526
UCS,A08_Mast_cell_resting_CIBERSORT,-0.21636407,0.1092357,0.1092357
UVM,A08_Mast_cell_resting_CIBERSORT,0.230282992,0.039878603,0.039878603
ACC,A08_Mast_cell_XCELL,-0.033342644,0.770505813,0.770505813
BLCA,A08_Mast_cell_XCELL,0.078709774,0.112411819,0.112411819
BRCA,A08_Mast_cell_XCELL,0.01382901,0.648494236,0.648494236
CESC,A08_Mast_cell_XCELL,-0.084507902,0.141560049,0.141560049
CHOL,A08_Mast_cell_XCELL,-0.168232617,0.326698273,0.326698273
COAD,A08_Mast_cell_XCELL,-0.018201339,0.698916236,0.698916236
ESCA,A08_Mast_cell_XCELL,-0.059145882,0.456101092,0.456101092
GBM,A08_Mast_cell_XCELL,0.166428911,0.036620796,0.036620796
HNSC,A08_Mast_cell_XCELL,0.052595062,0.240422894,0.240422894
KICH,A08_Mast_cell_XCELL,-0.074595792,0.554811964,0.554811964
KIRC,A08_Mast_cell_XCELL,-0.284553339,2.49E-11,2.49E-11
KIRP,A08_Mast_cell_XCELL,-0.06744917,0.253881531,0.253881531
LGG,A08_Mast_cell_XCELL,0.050080718,0.258933616,0.258933616
LIHC,A08_Mast_cell_XCELL,-0.007006139,0.893011924,0.893011924
LUAD,A08_Mast_cell_XCELL,-0.117237027,0.007920264,0.007920264
LUSC,A08_Mast_cell_XCELL,0.06027025,0.178017045,0.178017045
MESO,A08_Mast_cell_XCELL,-0.402474139,0.000122249,0.000122249
OV,A08_Mast_cell_XCELL,-0.161938062,0.008386043,0.008386043
PAAD,A08_Mast_cell_XCELL,0.016841254,0.823935109,0.823935109
PCPG,A08_Mast_cell_XCELL,-0.230298508,0.001926112,0.001926112
PRAD,A08_Mast_cell_XCELL,-0.373281915,8.20E-18,8.20E-18
READ,A08_Mast_cell_XCELL,-0.132984513,0.088605104,0.088605104
SARC,A08_Mast_cell_XCELL,0.112731948,0.070101949,0.070101949
SKCM,A08_Mast_cell_XCELL,-0.095748481,0.038398407,0.038398407
STAD,A08_Mast_cell_XCELL,-0.105857484,0.04074794,0.04074794
TGCT,A08_Mast_cell_XCELL,-0.652025407,1.42E-17,1.42E-17
THCA,A08_Mast_cell_XCELL,-0.062821348,0.161580489,0.161580489
THYM,A08_Mast_cell_XCELL,-0.046071159,0.618810791,0.618810791
UCEC,A08_Mast_cell_XCELL,-0.255386116,1.56E-09,1.56E-09
UCS,A08_Mast_cell_XCELL,-0.28103339,0.035894825,0.035894825
UVM,A08_Mast_cell_XCELL,0.094956995,0.402115164,0.402115164
