cancer,infiltrates,rho,p,adj.p
ACC,A09_Monocyte_CIBERSORT,-0.286062674,0.010597395,0.010597395
BLCA,A09_Monocyte_CIBERSORT,-0.12731049,0.010049004,0.010049004
BRCA,A09_Monocyte_CIBERSORT,-0.039725231,0.190214727,0.190214727
CESC,A09_Monocyte_CIBERSORT,-0.065695676,0.253471282,0.253471282
CHOL,A09_Monocyte_CIBERSORT,0.201742244,0.238034373,0.238034373
COAD,A09_Monocyte_CIBERSORT,-0.03844904,0.413763838,0.413763838
ESCA,A09_Monocyte_CIBERSORT,0.052333077,0.509696554,0.509696554
GBM,A09_Monocyte_CIBERSORT,0.02180066,0.785709312,0.785709312
HNSC,A09_Monocyte_CIBERSORT,-0.032496311,0.468444416,0.468444416
KICH,A09_Monocyte_CIBERSORT,-0.091985086,0.466145403,0.466145403
KIRC,A09_Monocyte_CIBERSORT,-0.111423552,0.010255173,0.010255173
KIRP,A09_Monocyte_CIBERSORT,-0.010964802,0.853013212,0.853013212
LGG,A09_Monocyte_CIBERSORT,-0.155020364,0.000442204,0.000442204
LIHC,A09_Monocyte_CIBERSORT,-0.171337417,0.000921061,0.000921061
LUAD,A09_Monocyte_CIBERSORT,-0.009536191,0.829567061,0.829567061
LUSC,A09_Monocyte_CIBERSORT,-0.094478207,0.034501849,0.034501849
MESO,A09_Monocyte_CIBERSORT,-0.277202693,0.009768908,0.009768908
OV,A09_Monocyte_CIBERSORT,-0.041339053,0.503636588,0.503636588
PAAD,A09_Monocyte_CIBERSORT,-0.07124213,0.346040397,0.346040397
PCPG,A09_Monocyte_CIBERSORT,-0.121311218,0.105739584,0.105739584
PRAD,A09_Monocyte_CIBERSORT,-0.035826537,0.426421404,0.426421404
READ,A09_Monocyte_CIBERSORT,-0.053711377,0.493227275,0.493227275
SARC,A09_Monocyte_CIBERSORT,-0.19809289,0.001353459,0.001353459
SKCM,A09_Monocyte_CIBERSORT,-0.062928296,0.174129515,0.174129515
STAD,A09_Monocyte_CIBERSORT,0.165509676,0.001316894,0.001316894
TGCT,A09_Monocyte_CIBERSORT,0.179113321,0.038383236,0.038383236
THCA,A09_Monocyte_CIBERSORT,0.019371937,0.666281804,0.666281804
THYM,A09_Monocyte_CIBERSORT,0.135847347,0.140719874,0.140719874
UCEC,A09_Monocyte_CIBERSORT,-0.067823759,0.114421006,0.114421006
UCS,A09_Monocyte_CIBERSORT,0.146219013,0.282233256,0.282233256
UVM,A09_Monocyte_CIBERSORT,-0.091573607,0.419166647,0.419166647
ACC,A09_Monocyte_MCPCOUNTER,0.458628929,2.13E-05,2.13E-05
BLCA,A09_Monocyte_MCPCOUNTER,0.372171283,7.52E-15,7.52E-15
BRCA,A09_Monocyte_MCPCOUNTER,0.13523151,7.53E-06,7.53E-06
CESC,A09_Monocyte_MCPCOUNTER,0.182169338,0.001423325,0.001423325
CHOL,A09_Monocyte_MCPCOUNTER,0.277710076,0.101027326,0.101027326
COAD,A09_Monocyte_MCPCOUNTER,0.546449083,1.05E-36,1.05E-36
ESCA,A09_Monocyte_MCPCOUNTER,0.339413402,1.06E-05,1.06E-05
GBM,A09_Monocyte_MCPCOUNTER,0.106730657,0.181959232,0.181959232
HNSC,A09_Monocyte_MCPCOUNTER,0.327430955,5.85E-14,5.85E-14
KICH,A09_Monocyte_MCPCOUNTER,0.727106513,6.96E-12,6.96E-12
KIRC,A09_Monocyte_MCPCOUNTER,0.006689428,0.877893358,0.877893358
KIRP,A09_Monocyte_MCPCOUNTER,0.010163011,0.863652645,0.863652645
LGG,A09_Monocyte_MCPCOUNTER,-0.078879335,0.075117032,0.075117032
LIHC,A09_Monocyte_MCPCOUNTER,0.36745892,2.65E-13,2.65E-13
LUAD,A09_Monocyte_MCPCOUNTER,0.267996223,7.17E-10,7.17E-10
LUSC,A09_Monocyte_MCPCOUNTER,0.341895807,3.49E-15,3.49E-15
MESO,A09_Monocyte_MCPCOUNTER,0.172234948,0.112797433,0.112797433
OV,A09_Monocyte_MCPCOUNTER,0.404352613,8.33E-12,8.33E-12
PAAD,A09_Monocyte_MCPCOUNTER,0.480174764,1.35E-11,1.35E-11
PCPG,A09_Monocyte_MCPCOUNTER,0.449843721,2.66E-10,2.66E-10
PRAD,A09_Monocyte_MCPCOUNTER,0.208763856,2.80E-06,2.80E-06
READ,A09_Monocyte_MCPCOUNTER,0.581001034,2.81E-16,2.81E-16
SARC,A09_Monocyte_MCPCOUNTER,0.17383016,0.005025583,0.005025583
SKCM,A09_Monocyte_MCPCOUNTER,0.393245785,9.30E-19,9.30E-19
STAD,A09_Monocyte_MCPCOUNTER,0.419258635,2.36E-17,2.36E-17
TGCT,A09_Monocyte_MCPCOUNTER,-0.016577093,0.849223721,0.849223721
THCA,A09_Monocyte_MCPCOUNTER,0.12939474,0.003822203,0.003822203
THYM,A09_Monocyte_MCPCOUNTER,0.517711492,1.65E-09,1.65E-09
UCEC,A09_Monocyte_MCPCOUNTER,0.118496982,0.005698518,0.005698518
UCS,A09_Monocyte_MCPCOUNTER,0.407835539,0.001808525,0.001808525
UVM,A09_Monocyte_MCPCOUNTER,0.447060138,3.22E-05,3.22E-05
ACC,A09_Monocyte_QUANTISEQ,-0.194609637,0.085681565,0.085681565
BLCA,A09_Monocyte_QUANTISEQ,0.072747657,0.142412375,0.142412375
BRCA,A09_Monocyte_QUANTISEQ,-0.175382157,5.67E-09,5.67E-09
CESC,A09_Monocyte_QUANTISEQ,-0.046304765,0.421133232,0.421133232
CHOL,A09_Monocyte_QUANTISEQ,0.050061008,0.771856475,0.771856475
COAD,A09_Monocyte_QUANTISEQ,-0.044797913,0.340910257,0.340910257
ESCA,A09_Monocyte_QUANTISEQ,0.186675223,0.017736753,0.017736753
GBM,A09_Monocyte_QUANTISEQ,-0.3345804,1.73E-05,1.73E-05
HNSC,A09_Monocyte_QUANTISEQ,-0.051450086,0.25082819,0.25082819
KICH,A09_Monocyte_QUANTISEQ,0.05790478,0.64683049,0.64683049
KIRC,A09_Monocyte_QUANTISEQ,-0.053209646,0.221347719,0.221347719
KIRP,A09_Monocyte_QUANTISEQ,-0.108669615,0.065530516,0.065530516
LGG,A09_Monocyte_QUANTISEQ,-0.28453167,5.92E-11,5.92E-11
LIHC,A09_Monocyte_QUANTISEQ,0.092863104,0.074018997,0.074018997
LUAD,A09_Monocyte_QUANTISEQ,-0.122943431,0.005341758,0.005341758
LUSC,A09_Monocyte_QUANTISEQ,-0.151550379,0.000665623,0.000665623
MESO,A09_Monocyte_QUANTISEQ,0.053501772,0.624667958,0.624667958
OV,A09_Monocyte_QUANTISEQ,0.184300769,0.002646078,0.002646078
PAAD,A09_Monocyte_QUANTISEQ,-0.271649205,0.000254716,0.000254716
PCPG,A09_Monocyte_QUANTISEQ,0.04636672,0.537676713,0.537676713
PRAD,A09_Monocyte_QUANTISEQ,0.127261436,0.004571561,0.004571561
READ,A09_Monocyte_QUANTISEQ,0,1,1
SARC,A09_Monocyte_QUANTISEQ,-0.341259356,1.74E-08,1.74E-08
SKCM,A09_Monocyte_QUANTISEQ,0.064920668,0.160863748,0.160863748
STAD,A09_Monocyte_QUANTISEQ,-0.028039803,0.588814267,0.588814267
TGCT,A09_Monocyte_QUANTISEQ,0.541483538,1.42E-11,1.42E-11
THCA,A09_Monocyte_QUANTISEQ,-0.083761526,0.061789795,0.061789795
THYM,A09_Monocyte_QUANTISEQ,0.06855589,0.458793599,0.458793599
UCEC,A09_Monocyte_QUANTISEQ,0.015091634,0.725678177,0.725678177
UCS,A09_Monocyte_QUANTISEQ,-0.007699894,0.955085347,0.955085347
UVM,A09_Monocyte_QUANTISEQ,0.126803673,0.262352612,0.262352612
ACC,A09_Monocyte_XCELL,0.464320786,1.63E-05,1.63E-05
BLCA,A09_Monocyte_XCELL,0.515379233,4.62E-29,4.62E-29
BRCA,A09_Monocyte_XCELL,0.109093676,0.000310084,0.000310084
CESC,A09_Monocyte_XCELL,0.17451518,0.00226032,0.00226032
CHOL,A09_Monocyte_XCELL,0.398510598,0.016068786,0.016068786
COAD,A09_Monocyte_XCELL,0.34630869,3.08E-14,3.08E-14
ESCA,A09_Monocyte_XCELL,0.257756072,0.000963292,0.000963292
GBM,A09_Monocyte_XCELL,0.502846514,1.66E-11,1.66E-11
HNSC,A09_Monocyte_XCELL,0.276258816,3.29E-10,3.29E-10
KICH,A09_Monocyte_XCELL,0.686647044,2.71E-10,2.71E-10
KIRC,A09_Monocyte_XCELL,0.204271581,2.12E-06,2.12E-06
KIRP,A09_Monocyte_XCELL,0.338514569,3.75E-09,3.75E-09
LGG,A09_Monocyte_XCELL,0.472632651,9.64E-30,9.64E-30
LIHC,A09_Monocyte_XCELL,0.152983144,0.003135541,0.003135541
LUAD,A09_Monocyte_XCELL,0.328412386,2.43E-14,2.43E-14
LUSC,A09_Monocyte_XCELL,0.440626318,3.28E-25,3.28E-25
MESO,A09_Monocyte_XCELL,-0.104002761,0.340612309,0.340612309
OV,A09_Monocyte_XCELL,0.369091094,6.08E-10,6.08E-10
PAAD,A09_Monocyte_XCELL,0.399724464,3.55E-08,3.55E-08
PCPG,A09_Monocyte_XCELL,0.293381842,6.73E-05,6.73E-05
PRAD,A09_Monocyte_XCELL,0.148852205,0.000894054,0.000894054
READ,A09_Monocyte_XCELL,0.300172576,8.96E-05,8.96E-05
SARC,A09_Monocyte_XCELL,0.190307837,0.002097549,0.002097549
SKCM,A09_Monocyte_XCELL,0.285564941,3.12E-10,3.12E-10
STAD,A09_Monocyte_XCELL,0.337928409,1.92E-11,1.92E-11
TGCT,A09_Monocyte_XCELL,-0.012773759,0.883536468,0.883536468
THCA,A09_Monocyte_XCELL,0.441500345,3.57E-25,3.57E-25
THYM,A09_Monocyte_XCELL,0.259270898,0.004408956,0.004408956
UCEC,A09_Monocyte_XCELL,-0.025619583,0.551363106,0.551363106
UCS,A09_Monocyte_XCELL,0.081376142,0.551029161,0.551029161
UVM,A09_Monocyte_XCELL,0.314731894,0.004463733,0.004463733
