cancer,infiltrates,rho,p,adj.p
ACC,A11_Neutrophil_CIBERSORT,0.324956067,0.003478145,0.003478145
BLCA,A11_Neutrophil_CIBERSORT,0.028247447,0.569401293,0.569401293
BRCA,A11_Neutrophil_CIBERSORT,0.010577052,0.727350874,0.727350874
CESC,A11_Neutrophil_CIBERSORT,-0.061629084,0.284110279,0.284110279
CHOL,A11_Neutrophil_CIBERSORT,-0.010574838,0.951190835,0.951190835
COAD,A11_Neutrophil_CIBERSORT,0.058151365,0.216206618,0.216206618
ESCA,A11_Neutrophil_CIBERSORT,-0.072892935,0.35813529,0.35813529
GBM,A11_Neutrophil_CIBERSORT,0.153925768,0.053485812,0.053485812
HNSC,A11_Neutrophil_CIBERSORT,-0.003809957,0.932277048,0.932277048
KICH,A11_Neutrophil_CIBERSORT,0.317347977,0.009999303,0.009999303
KIRC,A11_Neutrophil_CIBERSORT,-0.026787315,0.538327115,0.538327115
KIRP,A11_Neutrophil_CIBERSORT,0.018932725,0.749021124,0.749021124
LGG,A11_Neutrophil_CIBERSORT,0.003206783,0.942409445,0.942409445
LIHC,A11_Neutrophil_CIBERSORT,0.057057543,0.272995405,0.272995405
LUAD,A11_Neutrophil_CIBERSORT,0.055781164,0.207640531,0.207640531
LUSC,A11_Neutrophil_CIBERSORT,0.022776913,0.611026437,0.611026437
MESO,A11_Neutrophil_CIBERSORT,0.038388118,0.72565074,0.72565074
OV,A11_Neutrophil_CIBERSORT,0.109886744,0.074687719,0.074687719
PAAD,A11_Neutrophil_CIBERSORT,0.13146409,0.081123886,0.081123886
PCPG,A11_Neutrophil_CIBERSORT,-0.083284415,0.267693413,0.267693413
PRAD,A11_Neutrophil_CIBERSORT,0.06938952,0.123128256,0.123128256
READ,A11_Neutrophil_CIBERSORT,0.064309204,0.411853299,0.411853299
SARC,A11_Neutrophil_CIBERSORT,0.128580755,0.038650026,0.038650026
SKCM,A11_Neutrophil_CIBERSORT,0.002108206,0.963720297,0.963720297
STAD,A11_Neutrophil_CIBERSORT,0.058639592,0.257965324,0.257965324
TGCT,A11_Neutrophil_CIBERSORT,0.000522181,0.995222253,0.995222253
THCA,A11_Neutrophil_CIBERSORT,-0.058349321,0.193616733,0.193616733
THYM,A11_Neutrophil_CIBERSORT,-0.114124467,0.216513457,0.216513457
UCEC,A11_Neutrophil_CIBERSORT,-0.007449939,0.86249146,0.86249146
UCS,A11_Neutrophil_CIBERSORT,-0.318056697,0.016902069,0.016902069
UVM,A11_Neutrophil_CIBERSORT,-0.136453654,0.227461126,0.227461126
ACC,A11_Neutrophil_MCPCOUNTER,0.158586925,0.162733866,0.162733866
BLCA,A11_Neutrophil_MCPCOUNTER,-0.023922847,0.62994502,0.62994502
BRCA,A11_Neutrophil_MCPCOUNTER,-0.026386096,0.384359088,0.384359088
CESC,A11_Neutrophil_MCPCOUNTER,0.064671086,0.260966024,0.260966024
CHOL,A11_Neutrophil_MCPCOUNTER,-0.172467525,0.31448871,0.31448871
COAD,A11_Neutrophil_MCPCOUNTER,0.025195004,0.592344288,0.592344288
ESCA,A11_Neutrophil_MCPCOUNTER,0.11932551,0.131640143,0.131640143
GBM,A11_Neutrophil_MCPCOUNTER,-0.019464583,0.808201955,0.808201955
HNSC,A11_Neutrophil_MCPCOUNTER,0.105955738,0.017788703,0.017788703
KICH,A11_Neutrophil_MCPCOUNTER,0.113649268,0.367366983,0.367366983
KIRC,A11_Neutrophil_MCPCOUNTER,-0.097260704,0.025147213,0.025147213
KIRP,A11_Neutrophil_MCPCOUNTER,-0.082273496,0.163765841,0.163765841
LGG,A11_Neutrophil_MCPCOUNTER,0.020567232,0.643090005,0.643090005
LIHC,A11_Neutrophil_MCPCOUNTER,0.074789889,0.150516911,0.150516911
LUAD,A11_Neutrophil_MCPCOUNTER,-0.095158515,0.03133315,0.03133315
LUSC,A11_Neutrophil_MCPCOUNTER,-0.080606445,0.071444161,0.071444161
MESO,A11_Neutrophil_MCPCOUNTER,-0.007281699,0.946947568,0.946947568
OV,A11_Neutrophil_MCPCOUNTER,0.11430936,0.063656595,0.063656595
PAAD,A11_Neutrophil_MCPCOUNTER,0.071538595,0.344031942,0.344031942
PCPG,A11_Neutrophil_MCPCOUNTER,0.215144598,0.003825296,0.003825296
PRAD,A11_Neutrophil_MCPCOUNTER,-0.051763205,0.250342556,0.250342556
READ,A11_Neutrophil_MCPCOUNTER,-0.025583625,0.74428614,0.74428614
SARC,A11_Neutrophil_MCPCOUNTER,0.007489799,0.904518352,0.904518352
SKCM,A11_Neutrophil_MCPCOUNTER,0.230526334,4.61E-07,4.61E-07
STAD,A11_Neutrophil_MCPCOUNTER,0.094622488,0.067566137,0.067566137
TGCT,A11_Neutrophil_MCPCOUNTER,0.308652129,0.000285141,0.000285141
THCA,A11_Neutrophil_MCPCOUNTER,0.025902018,0.564161453,0.564161453
THYM,A11_Neutrophil_MCPCOUNTER,0.448926975,3.04E-07,3.04E-07
UCEC,A11_Neutrophil_MCPCOUNTER,0.052117816,0.225323506,0.225323506
UCS,A11_Neutrophil_MCPCOUNTER,-0.031769943,0.816195559,0.816195559
UVM,A11_Neutrophil_MCPCOUNTER,0.283431057,0.010844805,0.010844805
ACC,A11_Neutrophil_QUANTISEQ,0.323572897,0.003627891,0.003627891
BLCA,A11_Neutrophil_QUANTISEQ,0.008417175,0.865403386,0.865403386
BRCA,A11_Neutrophil_QUANTISEQ,0.105185636,0.000507458,0.000507458
CESC,A11_Neutrophil_QUANTISEQ,0.10308363,0.072700861,0.072700861
CHOL,A11_Neutrophil_QUANTISEQ,-0.176002366,0.304519973,0.304519973
COAD,A11_Neutrophil_QUANTISEQ,0.07325647,0.119070343,0.119070343
ESCA,A11_Neutrophil_QUANTISEQ,-0.17035149,0.030734521,0.030734521
GBM,A11_Neutrophil_QUANTISEQ,0.340126066,1.23E-05,1.23E-05
HNSC,A11_Neutrophil_QUANTISEQ,0.240750126,5.03E-08,5.03E-08
KICH,A11_Neutrophil_QUANTISEQ,0.439230693,0.000251839,0.000251839
KIRC,A11_Neutrophil_QUANTISEQ,-0.137113086,0.001555722,0.001555722
KIRP,A11_Neutrophil_QUANTISEQ,0.046828152,0.428548231,0.428548231
LGG,A11_Neutrophil_QUANTISEQ,0,1,1
LIHC,A11_Neutrophil_QUANTISEQ,-0.001230136,0.981160381,0.981160381
LUAD,A11_Neutrophil_QUANTISEQ,0.043439792,0.326597198,0.326597198
LUSC,A11_Neutrophil_QUANTISEQ,0.259657824,3.66E-09,3.66E-09
MESO,A11_Neutrophil_QUANTISEQ,0.060374044,0.5808133,0.5808133
OV,A11_Neutrophil_QUANTISEQ,-0.091985965,0.136049475,0.136049475
PAAD,A11_Neutrophil_QUANTISEQ,0.247526345,0.000894917,0.000894917
PCPG,A11_Neutrophil_QUANTISEQ,0.178130184,0.017049686,0.017049686
PRAD,A11_Neutrophil_QUANTISEQ,0.100219647,0.025765678,0.025765678
READ,A11_Neutrophil_QUANTISEQ,0.204056042,0.008565117,0.008565117
SARC,A11_Neutrophil_QUANTISEQ,0.327187251,7.08E-08,7.08E-08
SKCM,A11_Neutrophil_QUANTISEQ,-0.055345814,0.232076384,0.232076384
STAD,A11_Neutrophil_QUANTISEQ,0.052100023,0.314956381,0.314956381
TGCT,A11_Neutrophil_QUANTISEQ,-0.035841222,0.680971852,0.680971852
THCA,A11_Neutrophil_QUANTISEQ,0.026152776,0.56039421,0.56039421
THYM,A11_Neutrophil_QUANTISEQ,0.078148622,0.398225088,0.398225088
UCEC,A11_Neutrophil_QUANTISEQ,-0.023380861,0.5866837,0.5866837
UCS,A11_Neutrophil_QUANTISEQ,0.255731922,0.057128642,0.057128642
UVM,A11_Neutrophil_QUANTISEQ,0.093300219,0.410413382,0.410413382
ACC,A11_Neutrophil_TIMER,0.364659353,0.000952961,0.000952961
BLCA,A11_Neutrophil_TIMER,0.429364439,9.88E-20,9.88E-20
BRCA,A11_Neutrophil_TIMER,0.168803761,2.09E-08,2.09E-08
CESC,A11_Neutrophil_TIMER,0.122539561,0.032695407,0.032695407
CHOL,A11_Neutrophil_TIMER,0.2564448,0.131109205,0.131109205
COAD,A11_Neutrophil_TIMER,0.419207906,9.51E-21,9.51E-21
ESCA,A11_Neutrophil_TIMER,0.339355142,1.06E-05,1.06E-05
GBM,A11_Neutrophil_TIMER,0.337758934,1.42E-05,1.42E-05
HNSC,A11_Neutrophil_TIMER,0.274456217,4.32E-10,4.32E-10
KICH,A11_Neutrophil_TIMER,0.471088299,7.48E-05,7.48E-05
KIRC,A11_Neutrophil_TIMER,0.218015791,4.01E-07,4.01E-07
KIRP,A11_Neutrophil_TIMER,0.353637298,6.57E-10,6.57E-10
LGG,A11_Neutrophil_TIMER,0.471261323,1.48E-29,1.48E-29
LIHC,A11_Neutrophil_TIMER,0.400216776,1.05E-15,1.05E-15
LUAD,A11_Neutrophil_TIMER,0.368959162,5.89E-18,5.89E-18
LUSC,A11_Neutrophil_TIMER,0.404774123,3.57E-21,3.57E-21
MESO,A11_Neutrophil_TIMER,-0.136217442,0.211086955,0.211086955
OV,A11_Neutrophil_TIMER,0.332491025,3.11E-08,3.11E-08
PAAD,A11_Neutrophil_TIMER,0.535811613,1.53E-14,1.53E-14
PCPG,A11_Neutrophil_TIMER,0.417346763,6.17E-09,6.17E-09
PRAD,A11_Neutrophil_TIMER,0.416293886,3.61E-22,3.61E-22
READ,A11_Neutrophil_TIMER,0.339657134,8.07E-06,8.07E-06
SARC,A11_Neutrophil_TIMER,0.239355686,0.000100191,0.000100191
SKCM,A11_Neutrophil_TIMER,0.254923713,2.23E-08,2.23E-08
STAD,A11_Neutrophil_TIMER,0.36050268,6.40E-13,6.40E-13
TGCT,A11_Neutrophil_TIMER,-0.126043382,0.146729054,0.146729054
THCA,A11_Neutrophil_TIMER,0.517566927,1.80E-35,1.80E-35
THYM,A11_Neutrophil_TIMER,-0.051846927,0.575486166,0.575486166
UCEC,A11_Neutrophil_TIMER,0.108305659,0.011556865,0.011556865
UCS,A11_Neutrophil_TIMER,-0.084848516,0.534106216,0.534106216
UVM,A11_Neutrophil_TIMER,-0.204514644,0.068799987,0.068799987
ACC,A11_Neutrophil_XCELL,0.343524911,0.001938095,0.001938095
BLCA,A11_Neutrophil_XCELL,0.086550514,0.080785074,0.080785074
BRCA,A11_Neutrophil_XCELL,0.020351384,0.502288143,0.502288143
CESC,A11_Neutrophil_XCELL,-0.036635867,0.524548107,0.524548107
CHOL,A11_Neutrophil_XCELL,-0.013076655,0.939662496,0.939662496
COAD,A11_Neutrophil_XCELL,0.044152714,0.347916463,0.347916463
ESCA,A11_Neutrophil_XCELL,-0.11259341,0.155013361,0.155013361
GBM,A11_Neutrophil_XCELL,0.112629998,0.158840164,0.158840164
HNSC,A11_Neutrophil_XCELL,0.015937264,0.722216026,0.722216026
KICH,A11_Neutrophil_XCELL,0.221635689,0.076004911,0.076004911
KIRC,A11_Neutrophil_XCELL,-0.003573083,0.934595346,0.934595346
KIRP,A11_Neutrophil_XCELL,0.137895717,0.0192226,0.0192226
LGG,A11_Neutrophil_XCELL,-0.002400235,0.956877786,0.956877786
LIHC,A11_Neutrophil_XCELL,0.069982083,0.178608757,0.178608757
LUAD,A11_Neutrophil_XCELL,0.053406539,0.227678923,0.227678923
LUSC,A11_Neutrophil_XCELL,0.071530807,0.109792655,0.109792655
MESO,A11_Neutrophil_XCELL,-0.243751082,0.0237218,0.0237218
OV,A11_Neutrophil_XCELL,0.048765179,0.430082705,0.430082705
PAAD,A11_Neutrophil_XCELL,0.15322648,0.041736086,0.041736086
PCPG,A11_Neutrophil_XCELL,-0.011849452,0.874906186,0.874906186
PRAD,A11_Neutrophil_XCELL,0.153802401,0.00059543,0.00059543
READ,A11_Neutrophil_XCELL,0.066124241,0.398754323,0.398754323
SARC,A11_Neutrophil_XCELL,0.015264276,0.8068581,0.8068581
SKCM,A11_Neutrophil_XCELL,0.051058925,0.270314462,0.270314462
STAD,A11_Neutrophil_XCELL,0.074942928,0.148034034,0.148034034
TGCT,A11_Neutrophil_XCELL,0.105547239,0.2248453,0.2248453
THCA,A11_Neutrophil_XCELL,-0.20782301,2.91E-06,2.91E-06
THYM,A11_Neutrophil_XCELL,0.227999297,0.012636072,0.012636072
UCEC,A11_Neutrophil_XCELL,0.007778792,0.85648591,0.85648591
UCS,A11_Neutrophil_XCELL,-0.007797094,0.954518956,0.954518956
UVM,A11_Neutrophil_XCELL,0.184661255,0.101046473,0.101046473
